x0000,y0000
1994.9090361446,4542.3
1994.0132530120,4596.9
1993.1174698795,4608.
1992.221686747,4642.1
1991.3259036145,4636.6
1990.4301204819,4697.7
1989.5343373494,4601.1
1988.6385542169,4556.8
1987.7427710843,4647.2
1986.8469879518,4539.3
1985.9512048193,4595.5
1985.0554216867,4563.6
1984.1596385542,4707.7
1983.2638554217,4547.3
1982.3680722892,4710.1
1981.4722891566,4762.7
1980.5765060241,4619.
1979.6807228916,4653.
1978.7849397590,4612.8
1977.8891566265,4718.9
1976.993373494,4664.8
1976.0975903614,4630.8
1975.2018072289,4756.6
1974.3060240964,4653.3
1973.4102409639,4566.9
1972.5144578313,4659.1
1971.6186746988,4583.3
1970.7228915663,4718.4
1969.8271084337,4687.1
1968.9313253012,4711.6
1968.0355421687,4701.8
1967.1397590361,4701.2
1966.2439759036,4656.3
1965.3481927711,4735.
1964.4524096386,4701.5
1963.5566265060,4768.6
1962.6608433735,4743.
1961.765060241,4742.1
1960.8692771084,4673.9
1959.9734939759,4751.9
1959.0777108434,4673.2
1958.1819277108,4725.9
1957.2861445783,4741.
1956.3903614458,4664.
1955.4945783133,4713.7
1954.5987951807,4738.3
1953.7030120482,4743.8
1952.8072289157,4760.7
1951.9114457831,4724.7
1951.0156626506,4772.1
1950.1198795181,4737.2
1949.2240963855,4733.5
1948.3283132530,4653.3
1947.4325301205,4749.2
1946.536746988,4710.8
1945.6409638554,4803.9
1944.7451807229,4734.4
1943.8493975904,4725.5
1942.9536144578,4773.5
1942.0578313253,4789.
1941.1620481928,4814.9
1940.2662650602,4828.1
1939.3704819277,4754.9
1938.4746987952,4857.6
1937.5789156627,4870.1
1936.6831325301,4859.
1935.7873493976,4717.3
1934.8915662651,4813.8
1933.9957831325,4852.2
1933.1000000000,4825.8
1932.2042168675,4928.6
1931.3084337349,4906.4
1930.4126506024,4908.9
1929.5168674699,4809.7
1928.6210843373,4802.9
1927.7253012048,4998.
1926.8295180723,4924.8
1925.9337349398,4846.
1925.0379518072,4801.7
1924.1421686747,4914.
1923.2463855422,5017.9
1922.3506024096,4905.7
1921.4548192771,4977.9
1920.5590361446,5051.1
1919.6632530120,5075.9
1918.7674698795,4894.1
1917.871686747,5026.8
1916.9759036145,4939.9
1916.0801204819,5042.8
1915.1843373494,4992.8
1914.2885542169,5087.5
1913.3927710843,5037.1
1912.4969879518,5208.6
1911.6012048193,5173.
1910.7054216867,5150.9
1909.8096385542,5252.
1908.9138554217,5341.8
1908.0180722892,5139.5
1907.1222891566,5242.6
1906.2265060241,5361.6
1905.3307228916,5322.
1904.4349397590,5372.8
1903.5391566265,5399.3
1902.643373494,5512.8
1901.7475903614,5453.3
1900.8518072289,5433.2
1899.9560240964,5464.8
1899.0602409639,5541.1
1898.1644578313,5646.8
1897.2686746988,5705.5
1896.3728915663,5743.3
1895.4771084337,5823.7
1894.5813253012,5916.1
1893.6855421687,5879.8
1892.7897590361,6011.6
1891.8939759036,5956.3
1890.9981927711,6001.7
1890.1024096386,6068.2
1889.2066265060,6241.7
1888.3108433735,6138.2
1887.415060241,6243.7
1886.5192771084,6125.7
1885.6234939759,6406.6
1884.7277108434,6285.7
1883.8319277108,6227.3
1882.9361445783,6416.6
1882.0403614458,6398.5
1881.1445783133,6353.7
1880.2487951807,6321.7
1879.3530120482,6405.5
1878.4572289157,6343.1
1877.5614457831,6358.5
1876.6656626506,6324.4
1875.7698795181,6401.7
1874.8740963855,6251.6
1873.9783132530,6348.
1873.0825301205,6251.2
1872.186746988,6141.7
1871.2909638554,6126.
1870.3951807229,6210.2
1869.4993975904,6180.4
1868.6036144578,6240.8
1867.7078313253,6214.2
1866.8120481928,6215.6
1865.9162650602,6198.9
1865.0204819277,6144.4
1864.1246987952,6149.1
1863.2289156627,6287.3
1862.3331325301,6159.9
1861.4373493976,6092.7
1860.5415662651,6099.6
1859.6457831325,6157.3
1858.7500000000,6204.4
1857.8542168675,6112.6
1856.9584337349,6169.3
1856.0626506024,6083.4
1855.1668674699,6097.5
1854.2710843373,6082.2
1853.3753012048,6010.7
1852.4795180723,6193.4
1851.5837349398,6021.5
1850.6879518072,5812.8
1849.7921686747,5939.1
1848.8963855422,5675.1
1848.0006024096,5697.1
1847.1048192771,5608.7
1846.2090361446,5592.3
1845.3132530120,5581.3
1844.4174698795,5503.5
1843.521686747,5490.5
1842.6259036145,5523.9
1841.7301204819,5352.9
1840.8343373494,5280.8
1839.9385542169,5243.7
1839.0427710843,5182.
1838.1469879518,5148.9
1837.2512048193,5154.5
1836.3554216867,5011.7
1835.4596385542,4968.4
1834.5638554217,4962.3
1833.6680722892,4931.
1832.7722891566,4868.8
1831.8765060241,4940.4
1830.9807228916,4806.1
1830.0849397590,4683.2
1829.1891566265,4777.1
1828.293373494,4759.
1827.3975903614,4741.
1826.5018072289,4667.8
1825.6060240964,4602.9
1824.7102409639,4605.9
1823.8144578313,4676.
1822.9186746988,4627.3
1822.0228915663,4605.9
1821.1271084337,4616.6
1820.2313253012,4548.4
1819.3355421687,4592.9
1818.4397590361,4654.5
1817.5439759036,4570.
1816.6481927711,4521.4
1815.7524096386,4606.7
1814.8566265060,4616.6
1813.9608433735,4565.5
1813.065060241,4557.4
1812.1692771084,4607.5
1811.2734939759,4617.1
1810.3777108434,4685.2
1809.4819277108,4587.8
1808.5861445783,4672.3
1807.6903614458,4674.4
1806.7945783133,4634.5
1805.8987951807,4724.5
1805.0030120482,4696.3
1804.1072289157,4667.3
1803.2114457831,4708.7
1802.3156626506,4615.2
1801.4198795181,4660.3
1800.5240963855,4585.
1799.6283132530,4576.
1798.7325301205,4691.4
1797.836746988,4581.9
1796.9409638554,4552.7
1796.0451807229,4649.8
1795.1493975904,4643.8
1794.2536144578,4586.3
1793.3578313253,4646.6
1792.4620481928,4739.5
1791.5662650602,4832.2
1790.6704819277,4730.2
1789.7746987952,4611.3
1788.8789156627,4777.5
1787.9831325301,4693.8
1787.0873493976,4748.8
1786.1915662651,4798.4
1785.2957831325,4811.1
1784.4,4860.9
1783.5042168675,4922.3
1782.6084337349,5054.7
1781.7126506024,4961.6
1780.8168674699,4944.1
1779.9210843373,5051.9
1779.0253012048,5057.6
1778.1295180723,5080.8
1777.2337349398,5089.5
1776.3379518072,5091.9
1775.4421686747,5188.7
1774.5463855422,5220.2
1773.6506024096,5093.3
1772.7548192771,5174.
1771.8590361446,5189.7
1770.9632530120,5156.8
1770.0674698795,5191.7
1769.171686747,5102.3
1768.2759036145,5179.4
1767.3801204819,5221.5
1766.4843373494,5153.6
1765.5885542169,5218.7
1764.6927710843,5148.5
1763.7969879518,5188.4
1762.9012048193,5270.7
1762.0054216867,5201.
1761.1096385542,5254.9
1760.2138554217,5327.9
1759.3180722892,5269.7
1758.4222891566,5229.6
1757.5265060241,5291.2
1756.6307228916,5253.7
1755.7349397590,5360.9
1754.8391566265,5276.6
1753.943373494,5194.
1753.0475903614,5277.3
1752.1518072289,5284.4
1751.2560240964,5184.7
1750.3602409639,5273.5
1749.4644578313,5139.4
1748.5686746988,5189.3
1747.6728915663,5154.1
1746.7771084337,5183.
1745.8813253012,5245.
1744.9855421687,5270.6
1744.0897590361,5279.2
1743.1939759036,5190.
1742.2981927711,5293.4
1741.4024096386,5139.4
1740.5066265060,5125.2
1739.6108433735,5106.4
1738.715060241,5240.3
1737.8192771084,5322.3
1736.9234939759,5217.9
1736.0277108434,5371.7
1735.1319277108,5369.7
1734.2361445783,5261.6
1733.3403614458,5316.4
1732.4445783133,5334.1
1731.5487951807,5356.6
1730.6530120482,5404.5
1729.7572289157,5398.2
1728.8614457831,5447.
1727.9656626506,5406.8
1727.0698795181,5578.5
1726.1740963855,5520.
1725.2783132530,5497.6
1724.3825301205,5543.3
1723.486746988,5568.
1722.5909638554,5505.5
1721.6951807229,5554.2
1720.7993975904,5561.8
1719.9036144578,5692.4
1719.0078313253,5568.2
1718.1120481928,5706.2
1717.2162650602,5493.3
1716.3204819277,5580.8
1715.4246987952,5630.1
1714.5289156627,5601.7
1713.6331325301,5602.7
1712.7373493976,5663.7
1711.8415662651,5644.9
1710.9457831325,5616.4
1710.0500000000,5635.
1709.1542168675,5551.2
1708.2584337349,5559.8
1707.3626506024,5663.2
1706.4668674699,5680.8
1705.5710843373,5676.9
1704.6753012048,5697.2
1703.7795180723,5826.2
1702.8837349398,5782.5
1701.9879518072,5867.4
1701.0921686747,5698.7
1700.1963855422,5840.6
1699.3006024096,5879.2
1698.4048192771,5839.6
1697.5090361446,5881.2
1696.6132530120,6068.2
1695.7174698795,6025.8
1694.821686747,6164.7
1693.9259036145,6140.6
1693.0301204819,6174.
1692.1343373494,6301.8
1691.2385542169,6409.7
1690.3427710843,6401.8
1689.4469879518,6454.5
1688.5512048193,6591.6
1687.6554216867,6619.6
1686.7596385542,6826.5
1685.8638554217,6944.1
1684.9680722892,6956.2
1684.0722891566,6967.6
1683.1765060241,7142.
1682.2807228916,7295.2
1681.3849397590,7220.1
1680.4891566265,7371.8
1679.593373494,7387.7
1678.6975903614,7417.4
1677.8018072289,7701.6
1676.9060240964,7535.8
1676.0102409639,7747.7
1675.1144578313,7758.
1674.2186746988,7801.9
1673.3228915663,7821.6
1672.4271084337,7907.8
1671.5313253012,7962.1
1670.6355421687,8073.7
1669.7397590361,8136.2
1668.8439759036,8043.2
1667.9481927711,8140.
1667.0524096386,8135.7
1666.1566265060,8319.9
1665.2608433735,8340.6
1664.365060241,8356.7
1663.4692771084,8456.3
1662.5734939759,8592.7
1661.6777108434,8506.6
1660.7819277108,8606.9
1659.8861445783,8501.8
1658.9903614458,8672.
1658.0945783133,8708.6
1657.1987951807,8764.1
1656.3030120482,8908.
1655.4072289157,8741.9
1654.5114457831,8989.2
1653.6156626506,8820.7
1652.7198795181,8952.2
1651.8240963855,8973.5
1650.9283132530,8933.1
1650.0325301205,8975.8
1649.136746988,8928.
1648.2409638554,8956.9
1647.3451807229,8935.4
1646.4493975904,9017.5
1645.5536144578,8962.9
1644.6578313253,8719.7
1643.7620481928,8872.2
1642.8662650602,8689.5
1641.9704819277,8725.2
1641.0746987952,8816.8
1640.1789156627,8452.5
1639.2831325301,8431.1
1638.3873493976,8314.2
1637.4915662651,8199.3
1636.5957831325,7999.2
1635.7000000000,8106.6
1634.8042168675,7984.3
1633.9084337349,7697.9
1633.0126506024,7422.
1632.1168674699,7501.2
1631.2210843373,7214.5
1630.3253012048,7222.3
1629.4295180723,7204.3
1628.5337349398,6915.1
1627.6379518072,6819.8
1626.7421686747,6718.7
1625.8463855422,6625.1
1624.9506024096,6667.4
1624.0548192771,6527.9
1623.1590361446,6310.2
1622.2632530120,6317.7
1621.3674698795,6298.6
1620.471686747,6173.2
1619.5759036145,5995.6
1618.6801204819,6159.7
1617.7843373494,5956.8
1616.8885542169,5985.1
1615.9927710843,5797.4
1615.0969879518,5916.8
1614.2012048193,5811.1
1613.3054216867,5851.4
1612.4096385542,5651.1
1611.5138554217,5890.4
1610.6180722892,5582.8
1609.7222891566,5618.4
1608.8265060241,5611.8
1607.9307228916,5611.8
1607.0349397590,5711.9
1606.1391566265,5662.1
1605.243373494,5631.5
1604.3475903614,5629.6
1603.4518072289,5576.8
1602.5560240964,5648.
1601.6602409639,5410.6
1600.7644578313,5336.2
1599.8686746988,5314.8
1598.9728915663,5271.9
1598.0771084337,5147.3
1597.1813253012,5137.4
1596.2855421687,5110.9
1595.3897590361,5073.
1594.4939759036,4949.9
1593.5981927711,4770.4
1592.7024096386,4825.7
1591.8066265060,4656.8
1590.9108433735,4688.5
1590.015060241,4671.2
1589.1192771084,4594.1
1588.2234939759,4489.9
1587.3277108434,4473.1
1586.4319277108,4393.9
1585.5361445783,4374.4
1584.6403614458,4319.2
1583.7445783133,4298.3
1582.8487951807,4184.3
1581.9530120482,4236.1
1581.0572289157,4123.5
1580.1614457831,4137.1
1579.2656626506,4167.6
1578.3698795181,4125.4
1577.4740963855,4109.8
1576.5783132530,4107.6
1575.6825301205,3965.9
1574.786746988,4039.9
1573.8909638554,3973.6
1572.9951807229,4025.8
1572.0993975904,3997.
1571.2036144578,4011.8
1570.3078313253,3978.4
1569.4120481928,4039.4
1568.5162650602,3984.5
1567.6204819277,3941.4
1566.7246987952,3922.7
1565.8289156627,3897.4
1564.9331325301,3968.5
1564.0373493976,4016.5
1563.1415662651,3924.
1562.2457831325,4028.8
1561.3500000000,3954.6
1560.4542168675,4013.2
1559.5584337349,3976.5
1558.6626506024,3933.5
1557.7668674699,3975.3
1556.8710843373,4018.5
1555.9753012048,4001.7
1555.0795180723,3950.6
1554.1837349398,4059.
1553.2879518072,3901.9
1552.3921686747,3956.3
1551.4963855422,3987.8
1550.6006024096,4020.
1549.7048192771,4055.6
1548.8090361446,3985.1
1547.9132530120,3963.6
1547.0174698795,4039.6
1546.121686747,3986.8
1545.2259036145,3942.2
1544.3301204819,3963.4
1543.4343373494,3998.9
1542.5385542169,3982.3
1541.6427710843,4133.6
1540.7469879518,3959.3
1539.8512048193,4008.2
1538.9554216867,3981.2
1538.0596385542,3957.7
1537.1638554217,4025.5
1536.2680722892,4054.9
1535.3722891566,3991.7
1534.4765060241,4083.7
1533.5807228916,4054.5
1532.6849397590,4066.5
1531.7891566265,4038.6
1530.893373494,4105.1
1529.9975903614,3997.9
1529.1018072289,4028.2
1528.2060240964,4054.4
1527.3102409639,4026.8
1526.4144578313,4041.4
1525.5186746988,4001.8
1524.6228915663,4023.3
1523.7271084337,4060.
1522.8313253012,4134.2
1521.9355421687,4118.3
1521.0397590361,4113.5
1520.1439759036,4087.7
1519.2481927711,4040.3
1518.3524096386,4019.9
1517.4566265060,4135.1
1516.5608433735,4018.5
1515.665060241,4073.3
1514.7692771084,4123.
1513.8734939759,4074.7
1512.9777108434,4048.6
1512.0819277108,4109.7
1511.1861445783,3988.3
1510.2903614458,4042.
1509.3945783133,4147.7
1508.4987951807,4065.2
1507.6030120482,4147.8
1506.7072289157,4127.3
1505.8114457831,4104.7
1504.9156626506,4072.7
1504.0198795181,4092.1
1503.1240963855,4041.9
1502.2283132530,4069.8
1501.3325301205,4076.3
1500.436746988,4139.3
1499.5409638554,4100.3
1498.6451807229,4080.7
1497.7493975904,4098.5
1496.8536144578,3989.2
1495.9578313253,4072.
1495.0620481928,3969.1
1494.1662650602,4047.1
1493.2704819277,4078.4
1492.3746987952,4045.6
1491.4789156627,4069.1
1490.5831325301,4013.7
1489.6873493976,4063.2
1488.7915662651,3962.9
1487.8957831325,3967.6
1487.0000000000,4020.4
1486.1042168675,3944.
1485.2084337349,3985.9
1484.3126506024,4044.3
1483.4168674699,3930.3
1482.5210843373,3969.9
1481.6253012048,3977.1
1480.7295180723,3928.7
1479.8337349398,4031.4
1478.9379518072,4008.1
1478.0421686747,3943.4
1477.1463855422,3935.9
1476.2506024096,3944.3
1475.3548192771,3871.
1474.4590361446,3931.4
1473.5632530120,3968.3
1472.6674698795,3904.6
1471.771686747,3895.
1470.8759036145,3899.9
1469.9801204819,3979.8
1469.0843373494,3892.6
1468.1885542169,3884.2
1467.2927710843,3898.5
1466.3969879518,3901.
1465.5012048193,3956.5
1464.6054216867,3909.7
1463.7096385542,3859.7
1462.8138554217,3858.3
1461.9180722892,3915.8
1461.0222891566,3919.5
1460.1265060241,3839.9
1459.2307228916,3941.1
1458.3349397590,3908.2
1457.4391566265,3874.8
1456.543373494,3826.2
1455.6475903614,3851.6
1454.7518072289,3894.1
1453.8560240964,3935.9
1452.9602409639,3807.1
1452.0644578313,3774.1
1451.1686746988,3846.1
1450.2728915663,3929.5
1449.3771084337,3837.7
1448.4813253012,3811.
1447.5855421687,3867.2
1446.6897590361,3914.6
1445.7939759036,3891.5
1444.8981927711,3893.4
1444.0024096386,3846.6
1443.1066265060,3896.4
1442.2108433735,3883.7
1441.315060241,3867.6
1440.4192771084,3899.8
1439.5234939759,3905.3
1438.6277108434,3920.2
1437.7319277108,3907.2
1436.8361445783,4001.
1435.9403614458,3902.9
1435.0445783133,3958.
1434.1487951807,3868.3
1433.2530120482,3991.3
1432.3572289157,3913.9
1431.4614457831,3996.
1430.5656626506,3855.2
1429.6698795181,3859.5
1428.7740963855,3871.7
1427.8783132530,3889.1
1426.9825301205,3891.5
1426.086746988,3900.5
1425.1909638554,3889.8
1424.2951807229,3996.6
1423.3993975904,3893.6
1422.5036144578,3898.8
1421.6078313253,3946.
1420.7120481928,3862.
1419.8162650602,3851.9
1418.9204819277,3916.9
1418.0246987952,3900.2
1417.1289156627,3955.6
1416.2331325301,3887.9
1415.3373493976,3920.3
1414.4415662651,3976.8
1413.5457831325,3922.3
1412.65,3914.4
1411.7542168675,3932.9
1410.8584337349,3913.6
1409.9626506024,3928.4
1409.0668674699,3999.3
1408.1710843373,3968.8
1407.2753012048,3964.5
1406.3795180723,3948.8
1405.4837349398,3941.3
1404.5879518072,4081.1
1403.6921686747,3969.9
1402.7963855422,3937.6
1401.9006024096,4030.5
1401.0048192771,4012.9
1400.1090361446,3981.3
1399.2132530120,4012.9
1398.3174698795,4035.4
1397.421686747,4022.5
1396.5259036145,3947.6
1395.6301204819,3973.7
1394.7343373494,3944.8
1393.8385542169,4001.9
1392.9427710843,4063.6
1392.0469879518,3963.7
1391.1512048193,4029.4
1390.2554216867,3941.
1389.3596385542,3960.1
1388.4638554217,4017.3
1387.5680722892,3945.2
1386.6722891566,4021.
1385.7765060241,3999.7
1384.8807228916,4042.5
1383.9849397590,3968.9
1383.0891566265,3951.3
1382.193373494,3941.9
1381.2975903614,3967.2
1380.4018072289,4006.1
1379.5060240964,3952.3
1378.6102409639,3971.7
1377.7144578313,3958.
1376.8186746988,4023.5
1375.9228915663,3959.6
1375.0271084337,3968.8
1374.1313253012,3922.3
1373.2355421687,3962.6
1372.3397590361,4055.5
1371.4439759036,3899.1
1370.5481927711,3957.5
1369.6524096386,3947.3
1368.7566265060,3937.3
1367.8608433735,3934.
1366.965060241,3948.3
1366.0692771084,3976.4
1365.1734939759,4012.1
1364.2777108434,4073.8
1363.3819277108,4017.1
1362.4861445783,3929.3
1361.5903614458,3939.8
1360.6945783133,4018.3
1359.7987951807,3920.3
1358.9030120482,3942.4
1358.0072289157,3963.1
1357.1114457831,3952.6
1356.2156626506,3974.4
1355.3198795181,4002.2
1354.4240963855,3984.6
1353.5283132530,3997.
1352.6325301205,3952.4
1351.736746988,4007.6
1350.8409638554,4066.8
1349.9451807229,4053.5
1349.0493975904,4002.4
1348.1536144578,4055.8
1347.2578313253,4051.8
1346.3620481928,3982.
1345.4662650602,4032.1
1344.5704819277,4037.5
1343.6746987952,4095.4
1342.7789156627,4028.4
1341.8831325301,4040.6
1340.9873493976,4047.7
1340.0915662651,4101.7
1339.1957831325,4019.1
1338.3000000000,4008.
1337.4042168675,4125.2
1336.5084337349,4099.3
1335.6126506024,4045.7
1334.7168674699,4094.4
1333.8210843373,4056.6
1332.9253012048,4092.7
1332.0295180723,4183.5
1331.1337349398,4074.5
1330.2379518072,4109.5
1329.3421686747,4116.4
1328.4463855422,4086.6
1327.5506024096,4146.
1326.6548192771,4153.9
1325.7590361446,4148.7
1324.8632530120,4104.3
1323.9674698795,4127.7
1323.071686747,4124.5
1322.1759036145,4087.2
1321.2801204819,4125.6
1320.3843373494,4114.6
1319.4885542169,4080.5
1318.5927710843,4163.5
1317.6969879518,4137.7
1316.8012048193,4073.2
1315.9054216867,4112.1
1315.0096385542,4081.9
1314.1138554217,4154.5
1313.2180722892,4129.
1312.3222891566,4179.6
1311.4265060241,4160.7
1310.5307228916,4081.
1309.6349397590,4163.3
1308.7391566265,4329.5
1307.843373494,4228.7
1306.9475903614,4151.1
1306.0518072289,4211.6
1305.1560240964,4197.7
1304.2602409639,4226.4
1303.3644578313,4227.9
1302.4686746988,4218.9
1301.5728915663,4235.8
1300.6771084337,4258.2
1299.7813253012,4231.2
1298.8855421687,4215.8
1297.9897590361,4227.7
1297.0939759036,4213.1
1296.1981927711,4353.1
1295.3024096386,4231.4
1294.4066265060,4159.8
1293.5108433735,4188.1
1292.615060241,4340.1
1291.7192771084,4302.9
1290.8234939759,4366.2
1289.9277108434,4351.9
1289.0319277108,4391.8
1288.1361445783,4343.2
1287.2403614458,4327.5
1286.3445783133,4310.7
1285.4487951807,4391.1
1284.5530120482,4347.3
1283.6572289157,4377.5
1282.7614457831,4346.9
1281.8656626506,4443.3
1280.9698795181,4314.
1280.0740963855,4344.8
1279.1783132530,4351.8
1278.2825301205,4298.9
1277.386746988,4304.1
1276.4909638554,4439.6
1275.5951807229,4458.9
1274.6993975904,4346.5
1273.8036144578,4437.
1272.9078313253,4395.7
1272.0120481928,4384.4
1271.1162650602,4397.8
1270.2204819277,4407.2
1269.3246987952,4492.1
1268.4289156627,4383.9
1267.5331325301,4380.3
1266.6373493976,4440.2
1265.7415662651,4391.3
1264.8457831325,4370.5
1263.9500000000,4524.5
1263.0542168675,4517.3
1262.1584337349,4441.9
1261.2626506024,4419.6
1260.3668674699,4539.5
1259.4710843373,4459.
1258.5753012048,4506.7
1257.6795180723,4572.9
1256.7837349398,4432.6
1255.8879518072,4540.
1254.9921686747,4530.2
1254.0963855422,4435.1
1253.2006024096,4549.3
1252.3048192771,4543.5
1251.4090361446,4598.2
1250.5132530120,4549.8
1249.6174698795,4591.
1248.721686747,4569.7
1247.8259036145,4629.5
1246.9301204819,4668.
1246.0343373494,4667.5
1245.1385542169,4617.4
1244.2427710843,4521.2
1243.3469879518,4633.7
1242.4512048193,4686.8
1241.5554216867,4574.1
1240.6596385542,4559.4
1239.7638554217,4685.2
1238.8680722892,4591.9
1237.9722891566,4652.8
1237.0765060241,4714.8
1236.1807228916,4733.8
1235.2849397590,4681.8
1234.3891566265,4750.5
1233.493373494,4715.5
1232.5975903614,4730.
1231.7018072289,4724.7
1230.8060240964,4735.2
1229.9102409639,4785.2
1229.0144578313,4813.8
1228.1186746988,4816.1
1227.2228915663,4775.4
1226.3271084337,4792.6
1225.4313253012,4782.3
1224.5355421687,4871.6
1223.6397590361,4821.6
1222.7439759036,4815.1
1221.8481927711,4843.9
1220.9524096386,4925.
1220.0566265060,4884.9
1219.1608433735,4907.5
1218.265060241,4870.6
1217.3692771084,4878.9
1216.4734939759,4985.5
1215.5777108434,4802.7
1214.6819277108,4873.2
1213.7861445783,4865.3
1212.8903614458,4859.3
1211.9945783133,4860.2
1211.0987951807,4926.9
1210.2030120482,4845.4
1209.3072289157,4863.8
1208.4114457831,4916.
1207.5156626506,5061.8
1206.6198795181,4969.2
1205.7240963855,4981.2
1204.8283132530,5010.8
1203.9325301205,5069.5
1203.036746988,4970.3
1202.1409638554,5055.4
1201.2451807229,4973.8
1200.3493975904,5117.9
1199.4536144578,5080.2
1198.5578313253,5055.8
1197.6620481928,5107.
1196.7662650602,5050.8
1195.8704819277,5076.4
1194.9746987952,5066.1
1194.0789156627,5203.8
1193.1831325301,5086.5
1192.2873493976,5193.9
1191.3915662651,5129.
1190.4957831325,5084.
1189.6000000000,5128.1
1188.7042168675,5141.8
1187.8084337349,5111.2
1186.9126506024,5152.3
1186.0168674699,5138.7
1185.1210843373,5238.3
1184.2253012048,5204.5
1183.3295180723,5212.8
1182.4337349398,5140.9
1181.5379518072,5201.
1180.6421686747,5133.1
1179.7463855422,5175.8
1178.8506024096,5201.5
1177.9548192771,5289.1
1177.0590361446,5256.
1176.1632530120,5227.1
1175.2674698795,5175.2
1174.371686747,5287.2
1173.4759036145,5213.6
1172.5801204819,5184.
1171.6843373494,5245.1
1170.7885542169,5140.5
1169.8927710843,5197.
1168.9969879518,5284.7
1168.1012048193,5211.5
1167.2054216867,5211.2
1166.3096385542,5127.1
1165.4138554217,5199.4
1164.5180722892,5112.6
1163.6222891566,5053.4
1162.7265060241,5241.3
1161.8307228916,5111.1
1160.9349397590,5304.4
1160.0391566265,5159.6
1159.143373494,5241.2
1158.2475903614,5168.9
1157.3518072289,5143.3
1156.4560240964,5200.6
1155.5602409639,5285.4
1154.6644578313,5196.2
1153.7686746988,5228.2
1152.8728915663,5383.2
1151.9771084337,5296.1
1151.0813253012,5201.4
1150.1855421687,5224.8
1149.2897590361,5371.3
1148.3939759036,5185.2
1147.4981927711,5358.9
1146.6024096386,5353.3
1145.7066265060,5269.5
1144.8108433735,5281.4
1143.915060241,5469.4
1143.0192771084,5332.6
1142.1234939759,5303.1
1141.2277108434,5226.5
1140.3319277108,5274.8
1139.4361445783,5357.9
1138.5403614458,5412.4
1137.6445783133,5217.5
1136.7487951807,5442.2
1135.8530120482,5381.4
1134.9572289157,5367.1
1134.0614457831,5376.4
1133.1656626506,5377.9
1132.2698795181,5424.2
1131.3740963855,5425.6
1130.4783132530,5525.3
1129.5825301205,5428.7
1128.686746988,5326.2
1127.7909638554,5499.2
1126.8951807229,5469.4
1125.9993975904,5378.9
1125.1036144578,5320.7
1124.2078313253,5407.
1123.3120481928,5467.4
1122.4162650602,5423.6
1121.5204819277,5465.
1120.6246987952,5403.
1119.7289156627,5389.5
1118.8331325301,5348.
1117.9373493976,5216.8
1117.0415662651,5341.8
1116.1457831325,5220.3
1115.25,5310.5
1114.3542168675,5273.
1113.4584337349,5201.6
1112.5626506024,5281.7
1111.6668674699,5354.4
1110.7710843373,5302.
1109.8753012048,5297.1
1108.9795180723,5146.
1108.0837349398,5368.5
1107.1879518072,5214.6
1106.2921686747,5315.7
1105.3963855422,5339.3
1104.5006024096,5268.
1103.6048192771,5297.2
1102.7090361446,5235.1
1101.8132530120,5380.3
1100.9174698795,5324.9
1100.021686747,5399.3
1099.1259036145,5330.6
1098.2301204819,5302.9
1097.3343373494,5338.3
1096.4385542169,5317.5
1095.5427710843,5320.6
1094.6469879518,5346.5
1093.7512048193,5402.8
1092.8554216867,5411.
1091.9596385542,5379.
1091.0638554217,5422.3
1090.1680722892,5414.5
1089.2722891566,5436.2
1088.3765060241,5354.
1087.4807228916,5493.9
1086.5849397590,5495.8
1085.6891566265,5565.
1084.793373494,5512.3
1083.8975903614,5484.
1083.0018072289,5657.9
1082.1060240964,5547.8
1081.2102409639,5586.5
1080.3144578313,5588.7
1079.4186746988,5710.4
1078.5228915663,5685.3
1077.6271084337,5877.3
1076.7313253012,5802.1
1075.8355421687,5844.6
1074.9397590361,5826.1
1074.0439759036,5837.8
1073.1481927711,5971.6
1072.2524096386,5961.6
1071.3566265060,6034.3
1070.4608433735,6025.7
1069.565060241,6166.3
1068.6692771084,6172.
1067.7734939759,6129.3
1066.8777108434,6259.8
1065.9819277108,6557.7
1065.0861445783,6585.5
1064.1903614458,6486.4
1063.2945783133,6651.2
1062.3987951807,6717.3
1061.5030120482,6660.
1060.6072289157,6857.9
1059.7114457831,6961.8
1058.8156626506,7089.8
1057.9198795181,7147.6
1057.0240963855,7125.8
1056.1283132530,7473.7
1055.2325301205,7405.5
1054.336746988,7568.3
1053.4409638554,7718.4
1052.5451807229,7859.
1051.6493975904,8013.9
1050.7536144578,8064.5
1049.8578313253,8246.1
1048.9620481928,8303.
1048.0662650602,8475.4
1047.1704819277,8718.8
1046.2746987952,8756.6
1045.3789156627,8854.7
1044.4831325301,9379.7
1043.5873493976,9390.8
1042.6915662651,9401.9
1041.7957831325,9681.1
1040.9,10009.4
1040.0042168675,10036.5
1039.1084337349,10306.5
1038.2126506024,10556.4
1037.3168674699,11094.4
1036.4210843373,11100.3
1035.5253012048,11237.1
1034.6295180723,11513.8
1033.7337349398,11945.2
1032.8379518072,12180.2
1031.9421686747,12375.8
1031.0463855422,12533.
1030.1506024096,13103.
1029.2548192771,13271.5
1028.3590361446,13535.8
1027.4632530120,13866.4
1026.5674698795,14457.8
1025.671686747,14936.8
1024.7759036145,15283.2
1023.8801204819,16121.2
1022.9843373494,16651.6
1022.0885542169,17857.6
1021.1927710843,18669.6
1020.2969879518,20945.7
1019.4012048193,23070.7
1018.5054216867,25459.7
1017.6096385542,28750.
1016.7138554217,33157.5
1015.8180722892,37502.7
1014.9222891566,42768.
1014.0265060241,49779.9
1013.1307228916,55696.2
1012.2349397590,61831.1
1011.3391566265,66918.6
1010.443373494,71370.8
1009.5475903614,74803.1
1008.6518072289,76210.5
1007.7560240964,75473.4
1006.8602409639,72992.3
1005.9644578313,68531.2
1005.0686746988,63380.8
1004.1728915663,57393.9
1003.2771084337,52277.7
1002.3813253012,47573.6
1001.4855421687,43036.
1000.5897590361,38138.8
999.6939759036,33641.8
998.7981927711,30105.2
997.9024096386,26824.4
997.0066265060,24391.7
996.1108433735,21736.
995.215060241,19744.2
994.3192771084,17650.9
993.4234939759,16515.1
992.5277108434,15213.1
991.6319277108,14117.6
990.7361445783,13024.2
989.8403614458,12078.
988.9445783133,11543.7
988.0487951807,11153.7
987.1530120482,10723.8
986.2572289157,10202.2
985.3614457831,10107.4
984.4656626506,9659.8
983.5698795181,9422.6
982.6740963855,9445.4
981.7783132530,9051.7
980.8825301205,8846.3
979.986746988,8776.1
979.0909638554,8637.2
978.1951807229,8354.2
977.2993975904,8271.4
976.4036144578,8166.8
975.5078313253,8182.7
974.6120481928,7980.5
973.7162650602,7707.4
972.8204819277,7811.8
971.9246987952,7634.3
971.0289156627,7596.7
970.1331325301,7375.8
969.2373493976,7320.2
968.3415662651,7313.8
967.4457831325,7113.3
966.5500000000,7054.9
965.6542168675,7001.
964.7584337349,6938.1
963.8626506024,6811.
962.9668674699,6700.4
962.0710843373,6719.3
961.1753012048,6733.8
960.2795180723,6450.7
959.3837349398,6537.7
958.4879518072,6420.
957.5921686747,6472.2
956.6963855422,6384.
955.8006024096,6501.3
954.9048192771,6456.7
954.0090361446,6374.8
953.1132530120,6272.5
952.2174698795,6277.2
951.321686747,6337.5
950.4259036145,6232.7
949.5301204819,6161.8
948.6343373494,6285.
947.7385542169,6124.4
946.8427710843,6108.2
945.9469879518,6078.2
945.0512048193,6025.8
944.1554216867,6060.5
943.2596385542,5991.8
942.3638554217,5903.9
941.4680722892,5957.5
940.5722891566,5950.4
939.6765060241,5873.8
938.7807228916,5858.7
937.8849397590,5740.3
936.9891566265,5894.6
936.093373494,5788.4
935.1975903614,5739.8
934.3018072289,5767.9
933.4060240964,5707.3
932.5102409639,5713.4
931.6144578313,5681.4
930.7186746988,5605.8
929.8228915663,5566.7
928.9271084337,5633.6
928.0313253012,5632.1
927.1355421687,5554.2
926.2397590361,5506.2
925.3439759036,5540.1
924.4481927711,5626.5
923.5524096386,5521.4
922.6566265060,5461.1
921.7608433735,5521.8
920.865060241,5501.7
919.9692771084,5448.8
919.0734939759,5446.2
918.1777108434,5391.8
917.2819277108,5426.2
916.3861445783,5400.5
915.4903614458,5326.5
914.5945783133,5323.1
913.6987951807,5142.7
912.8030120482,5277.9
911.9072289157,5171.2
911.0114457831,5215.4
910.1156626506,5096.8
909.2198795181,5085.6
908.3240963855,4908.9
907.4283132530,5104.3
906.5325301205,5042.7
905.636746988,4918.7
904.7409638554,4972.2
903.8451807229,5026.4
902.9493975904,5006.2
902.0536144578,4813.5
901.1578313253,4868.6
900.2620481928,4825.1
899.3662650602,4889.1
898.4704819277,4697.5
897.5746987952,4798.3
896.6789156627,4867.8
895.7831325301,4854.9
894.8873493976,4806.2
893.9915662651,4794.6
893.0957831325,4801.2
892.2,4755.
891.3042168675,4803.3
890.4084337349,4770.6
889.5126506024,4733.4
888.6168674699,4769.9
887.7210843373,4701.8
886.8253012048,4734.4
885.9295180723,4744.5
885.0337349398,4736.6
884.1379518072,4609.2
883.2421686747,4671.6
882.3463855422,4736.1
881.4506024096,4736.8
880.5548192771,4663.
879.6590361446,4641.7
878.7632530120,4666.8
877.8674698795,4548.3
876.971686747,4662.9
876.0759036145,4662.2
875.1801204819,4603.6
874.2843373494,4639.1
873.3885542169,4668.1
872.4927710843,4724.5
871.5969879518,4739.1
870.7012048193,4587.1
869.8054216867,4626.9
868.9096385542,4623.4
868.0138554217,4711.4
867.1180722892,4631.3
866.2222891566,4702.1
865.3265060241,4539.8
864.4307228916,4643.7
863.5349397590,4558.9
862.6391566265,4600.3
861.743373494,4568.1
860.8475903614,4632.8
859.9518072289,4658.6
859.0560240964,4691.9
858.1602409639,4689.7
857.2644578313,4704.
856.3686746988,4682.9
855.4728915663,4688.5
854.5771084337,4631.7
853.6813253012,4674.6
852.7855421687,4711.3
851.8897590361,4706.9
850.9939759036,4741.4
850.0981927711,4785.
849.2024096386,4662.8
848.3066265060,4723.1
847.4108433735,4646.
846.515060241,4782.2
845.6192771084,4866.5
844.7234939759,4861.4
843.8277108434,4913.6
842.9319277108,4876.9
842.0361445783,4920.5
841.1403614458,4921.4
840.2445783133,5132.1
839.3487951807,5090.
838.4530120482,5200.3
837.5572289157,5309.9
836.6614457831,5449.
835.7656626506,5675.1
834.8698795181,5807.9
833.9740963855,6136.7
833.0783132530,6459.7
832.1825301205,6798.7
831.286746988,7303.5
830.3909638554,7857.7
829.4951807229,8360.5
828.5993975904,8754.
827.7036144578,9583.2
826.8078313253,9940.5
825.9120481928,10369.2
825.0162650602,10565.8
824.1204819277,11012.6
823.2246987952,11053.4
822.3289156627,11192.4
821.4331325301,10982.9
820.5373493976,11113.
819.6415662651,11501.1
818.7457831325,11508.3
817.8500000000,11912.4
816.9542168675,12326.6
816.0584337349,13199.8
815.1626506024,14044.8
814.2668674699,15510.8
813.3710843373,17995.6
812.4753012048,20734.4
811.5795180723,25483.8
810.6837349398,30699.
809.7879518072,37898.4
808.8921686747,45846.
807.9963855422,56217.6
807.1006024096,67132.5
806.2048192771,79116.1
805.3090361446,92760.4
804.4132530120,104769.8
803.5174698795,115888.6
802.621686747,124771.8
801.7259036145,130739.3
800.8301204819,132677.
799.9343373494,131024.9
799.0385542169,124436.6
798.1427710843,116827.5
797.2469879518,107841.7
796.3512048193,97531.9
795.4554216867,87687.8
794.5596385542,80350.2
793.6638554217,71271.1
792.7680722892,65172.
791.8722891566,57223.5
790.9765060241,52286.
790.0807228916,46068.9
789.1849397590,40225.5
788.2891566265,35472.2
787.393373494,31247.4
786.4975903614,27282.5
785.6018072289,23639.3
784.7060240964,20780.5
783.8102409639,18837.4
782.9144578313,17339.
782.0186746988,15940.9
781.1228915663,15102.2
780.2271084337,14265.2
779.3313253012,13467.4
778.4355421687,13062.2
777.5397590361,12993.1
776.6439759036,12290.4
775.7481927711,12047.8
774.8524096386,12003.
773.9566265060,11611.9
773.0608433735,11487.
772.165060241,11138.4
771.2692771084,11116.5
770.3734939759,10961.4
769.4777108434,10776.3
768.5819277108,10536.3
767.6861445783,10372.7
766.7903614458,10184.6
765.8945783133,9995.4
764.9987951807,9881.6
764.1030120482,9721.2
763.2072289157,9308.1
762.3114457831,9162.3
761.4156626506,9179.8
760.5198795181,9025.1
759.6240963855,8838.9
758.7283132530,8660.
757.8325301205,8697.9
756.936746988,8412.5
756.0409638554,8420.1
755.1451807229,8346.7
754.2493975904,8344.5
753.3536144578,8275.3
752.4578313253,8042.7
751.5620481928,8082.5
750.6662650602,8174.2
749.7704819277,7971.8
748.8746987952,8013.5
747.9789156627,7880.6
747.0831325301,7821.5
746.1873493976,7813.3
745.2915662651,7823.3
744.3957831325,7637.2
743.5000000000,7733.6
742.6042168675,7580.3
741.7084337349,7503.8
740.8126506024,7581.8
739.9168674699,7420.1
739.0210843373,7518.5
738.1253012048,7361.4
737.2295180723,7443.4
736.3337349398,7408.7
735.4379518072,7332.3
734.5421686747,7409.3
733.6463855422,7229.8
732.7506024096,7100.6
731.8548192771,7147.2
730.9590361446,7129.7
730.0632530120,7012.9
729.1674698795,7073.1
728.271686747,7047.2
727.3759036145,6909.
726.4801204819,7064.4
725.5843373494,6973.7
724.6885542169,6868.5
723.7927710843,6928.9
722.8969879518,6874.3
722.0012048193,6834.3
721.1054216867,6955.8
720.2096385542,6837.2
719.3138554217,6936.4
718.4180722892,6761.5
717.5222891566,6739.5
716.6265060241,6866.3
715.7307228916,6691.6
714.8349397590,6633.2
713.9391566265,6528.
713.043373494,6534.7
712.1475903614,6602.4
711.2518072289,6321.5
710.3560240964,6293.4
709.4602409639,6253.6
708.5644578313,6184.
707.6686746988,5982.5
706.7728915663,6007.9
705.8771084337,5851.4
704.9813253012,5693.5
704.0855421687,5736.9
703.1897590361,5779.2
702.2939759036,5623.1
701.3981927711,5509.2
700.5024096386,5535.1
699.6066265060,5578.3
698.7108433735,5410.4
697.815060241,5327.2
696.9192771084,5344.8
696.0234939759,5384.1
695.1277108434,5237.4
694.2319277108,5257.2
693.3361445783,5207.7
692.4403614458,5124.3
691.5445783133,5148.3
690.6487951807,5159.5
689.7530120482,5201.8
688.8572289157,5224.4
687.9614457831,5165.8
687.0656626506,5133.8
686.1698795181,5138.7
685.2740963855,5093.6
684.3783132530,5062.1
683.4825301205,5177.7
682.586746988,5133.1
681.6909638554,4979.
680.7951807229,5114.5
679.8993975904,4953.7
679.0036144578,5040.4
678.1078313253,5058.
677.2120481928,5115.3
676.3162650602,4963.
675.4204819277,5024.6
674.5246987952,4920.1
673.6289156627,4984.2
672.7331325301,5104.5
671.8373493976,5012.2
670.9415662651,5102.7
670.0457831325,4920.
669.1500000000,4961.5
668.2542168675,4968.4
667.3584337349,5058.3
666.4626506024,4973.2
665.5668674699,4937.7
664.6710843373,5044.2
663.7753012048,5019.8
662.8795180723,4881.7
661.9837349398,5102.4
661.0879518072,4945.6
660.1921686747,5000.6
659.2963855422,4990.7
658.4006024096,5020.3
657.5048192771,5063.8
656.6090361446,5081.5
655.7132530120,4998.7
654.8174698795,5153.4
653.921686747,5191.8
653.0259036145,5196.1
652.1301204819,5296.1
651.2343373494,5322.8
650.3385542169,5287.3
649.4427710843,5328.7
648.5469879518,5293.1
647.6512048193,5383.8
646.7554216867,5360.1
645.8596385542,5344.8
644.9638554217,5394.6
644.0680722892,5361.7
643.1722891566,5393.1
642.2765060241,5477.3
641.3807228916,5410.6
640.4849397590,5513.9
639.5891566265,5417.4
638.693373494,5393.5
637.7975903614,5400.3
636.9018072289,5407.7
636.0060240964,5414.9
635.1102409639,5405.9
634.2144578313,5393.
633.3186746988,5406.
632.4228915663,5310.
631.5271084337,5357.9
630.6313253012,5573.
629.7355421687,5370.1
628.8397590361,5528.4
627.9439759036,5638.5
627.0481927711,5786.6
626.1524096386,5876.4
625.2566265060,6028.9
624.3608433735,6219.2
623.465060241,6365.5
622.5692771084,6569.7
621.6734939759,6816.4
620.7777108434,6892.9
619.8819277108,6913.8
618.9861445783,6913.2
618.0903614458,6814.9
617.1945783133,6712.7
616.2987951807,6531.7
615.4030120482,6428.8
614.5072289157,6285.5
613.6114457831,6116.6
612.7156626506,6036.1
611.8198795181,5937.6
610.9240963855,5868.7
610.0283132530,5704.5
609.1325301205,5645.
608.236746988,5506.
607.3409638554,5588.2
606.4451807229,5279.6
605.5493975904,5388.2
604.6536144578,5339.7
603.7578313253,5344.2
602.8620481928,5171.3
601.9662650602,5152.3
601.0704819277,5128.2
600.1746987952,5147.4
599.2789156627,5253.3
598.3831325301,5234.3
597.4873493976,5181.7
596.5915662651,5035.8
595.6957831325,5160.2
594.8000000000,5082.8
593.9042168675,5133.7
593.0084337349,5101.3
592.1126506024,5091.7
591.2168674699,5165.7
590.3210843373,5131.2
589.4253012048,5076.1
588.5295180723,5122.3
587.6337349398,4980.7
586.7379518072,5031.6
585.8421686747,5009.4
584.9463855422,5028.2
584.0506024096,5107.1
583.1548192771,5074.9
582.2590361446,5195.4
581.3632530120,5090.2
580.4674698795,5050.1
579.571686747,5081.6
578.6759036145,5007.7
577.7801204819,5025.4
576.8843373494,5116.3
575.9885542169,5027.9
575.0927710843,5027.7
574.1969879518,5028.2
573.3012048193,5080.3
572.4054216867,5051.7
571.5096385542,5036.2
570.6138554217,5044.7
569.7180722892,5029.9
568.8222891566,5004.
567.9265060241,4975.6
567.0307228916,4989.3
566.1349397590,5094.1
565.2391566265,5025.5
564.343373494,5045.8
563.4475903614,5058.5
562.5518072289,5070.7
561.6560240964,5185.
560.7602409639,5106.8
559.8644578313,5095.4
558.9686746988,5159.8
558.0728915663,5031.5
557.1771084337,5079.5
556.2813253012,5088.9
555.3855421687,5243.9
554.4897590361,5085.9
553.5939759036,5115.2
552.6981927711,5268.1
551.8024096386,5114.4
550.9066265060,5158.8
550.0108433735,5120.7
549.115060241,5176.6
548.2192771084,5136.2
547.3234939759,5200.1
546.4277108434,5220.8
545.5319277108,5170.1
544.6361445783,5209.
543.7403614458,5142.8
542.8445783133,5166.5
541.9487951807,5165.1
541.0530120482,5120.5
540.1572289157,5080.8
539.2614457831,5201.6
538.3656626506,5167.6
537.4698795181,5242.2
536.5740963855,5204.
535.6783132530,5229.4
534.7825301205,5186.8
533.886746988,5178.4
532.9909638554,5153.5
532.0951807229,5181.1
531.1993975904,5159.6
530.3036144578,5076.8
529.4078313253,5100.1
528.5120481928,5079.5
527.6162650602,5236.
526.7204819277,5074.5
525.8246987952,5077.3
524.9289156627,4966.8
524.0331325301,4959.5
523.1373493976,5096.3
522.2415662651,5051.6
521.3457831325,4996.8
520.45,5046.8
519.5542168675,5067.
518.6584337349,5064.2
517.7626506024,4922.4
516.8668674699,4976.4
515.9710843373,4975.
515.0753012048,5005.7
514.1795180723,4931.4
513.2837349398,4998.4
512.3879518072,4910.1
511.4921686747,4924.
510.5963855422,4909.4
509.7006024096,4898.1
508.8048192771,4820.5
507.9090361446,4880.6
507.0132530120,4867.2
506.1174698795,4919.3
505.221686747,4817.9
504.3259036145,4806.8
503.4301204819,4860.2
502.5343373494,4777.4
501.6385542169,4859.4
500.7427710843,4807.1
499.8469879518,4812.4
498.9512048193,4813.5
498.0554216867,4793.9
497.1596385542,4793.8
496.2638554217,4806.7
495.3680722892,4691.1
494.4722891566,4730.6
493.5765060241,4837.7
492.6807228916,4687.6
491.7849397590,4746.2
490.8891566265,4816.7
489.993373494,4746.4
489.0975903614,4739.8
488.2018072289,4716.6
487.3060240964,4677.4
486.4102409639,4743.5
485.5144578313,4807.5
484.6186746988,4728.8
483.7228915663,4622.8
482.8271084337,4688.2
481.9313253012,4679.5
481.0355421687,4752.2
480.1397590361,4704.7
479.2439759036,4718.
478.3481927711,4621.6
477.4524096386,4682.4
476.5566265060,4720.4
475.6608433735,4674.
474.765060241,4650.9
473.8692771084,4597.
472.9734939759,4667.6
472.0777108434,4671.1
471.1819277108,4633.8
470.2861445783,4626.5
469.3903614458,4576.8
468.4945783133,4644.9
467.5987951807,4565.5
466.7030120482,4539.5
465.8072289157,4618.2
464.9114457831,4649.5
464.0156626506,4567.
463.1198795181,4746.3
462.2240963855,4667.9
461.3283132530,4529.8
460.4325301205,4587.7
459.536746988,4614.3
458.6409638554,4656.5
457.7451807229,4573.3
456.8493975904,4598.8
455.9536144578,4573.5
455.0578313253,4600.7
454.1620481928,4590.2
453.2662650602,4536.5
452.3704819277,4601.5
451.4746987952,4659.8
450.5789156627,4580.9
449.6831325301,4541.5
448.7873493976,4528.4
447.8915662651,4571.1
446.9957831325,4537.5
446.1000000000,4473.8
445.2042168675,4464.3
444.3084337349,4478.9
443.4126506024,4446.5
442.5168674699,4442.5
441.6210843373,4431.4
440.7253012048,4489.6
439.8295180723,4478.4
438.9337349398,4540.2
438.0379518072,4393.7
437.1421686747,4538.8
436.2463855422,4437.1
435.3506024096,4486.2
434.4548192771,4417.
433.5590361446,4417.7
432.6632530120,4378.3
431.7674698795,4398.
430.871686747,4419.9
429.9759036145,4435.7
429.0801204819,4474.1
428.1843373494,4296.7
427.2885542169,4341.8
426.3927710843,4471.4
425.4969879518,4420.2
424.6012048193,4348.3
423.7054216867,4358.6
422.8096385542,4418.3
421.9138554217,4342.7
421.0180722892,4371.3
420.1222891566,4436.4
419.2265060241,4388.
418.3307228916,4438.5
417.4349397590,4321.4
416.5391566265,4418.4
415.643373494,4336.1
414.7475903614,4341.5
413.8518072289,4324.7
412.9560240964,4391.9
412.0602409639,4401.6
411.1644578313,4447.2
410.2686746988,4278.8
409.3728915663,4311.
408.4771084337,4380.7
407.5813253012,4325.1
406.6855421687,4367.6
405.7897590361,4434.3
404.8939759036,4275.2
403.9981927711,4371.9
403.1024096386,4420.2
402.2066265060,4319.1
401.3108433735,4312.9
400.415060241,4312.8
399.5192771084,4316.4
398.6234939759,4282.9
397.7277108434,4354.9
396.8319277108,4320.4
395.9361445783,4327.5
395.0403614458,4313.7
394.1445783133,4361.7
393.2487951807,4270.8
392.3530120482,4367.3
391.4572289157,4312.3
390.5614457831,4402.4
389.6656626506,4263.6
388.7698795181,4266.3
387.8740963855,4333.6
386.9783132530,4315.9
386.0825301205,4286.2
385.186746988,4232.6
384.2909638554,4286.6
383.3951807229,4302.5
382.4993975904,4236.
381.6036144578,4225.3
380.7078313253,4207.
379.8120481928,4270.2
378.9162650602,4243.7
378.0204819277,4246.5
377.1246987952,4241.5
376.2289156627,4172.7
375.3331325301,4236.4
374.4373493976,4208.9
373.5415662651,4186.9
372.6457831325,4231.
371.75,4204.4
370.8542168675,4206.
369.9584337349,4256.8
369.0626506024,4196.7
368.1668674699,4249.7
367.2710843373,4178.7
366.3753012048,4245.6
365.4795180723,4179.9
364.5837349398,4093.6
363.6879518072,4234.6
362.7921686747,4163.
361.8963855422,4137.4
361.0006024096,4122.4
360.1048192771,4179.7
359.2090361446,4160.1
358.3132530120,4207.
357.4174698795,4092.8
356.521686747,4141.2
355.6259036145,4114.9
354.7301204819,4209.5
353.8343373494,4133.1
352.9385542169,4195.4
352.0427710843,4082.1
351.1469879518,4144.8
350.2512048193,4174.2
349.3554216867,4160.8
348.4596385542,4134.5
347.5638554217,4117.8
346.6680722892,4111.9
345.7722891566,4157.1
344.8765060241,4069.2
343.9807228916,4034.1
343.0849397590,4108.8
342.1891566265,4086.4
341.293373494,4126.9
340.3975903614,4062.
339.5018072289,4011.5
338.6060240964,4035.8
337.7102409639,4095.7
336.8144578313,4068.4
335.9186746988,4125.
335.0228915663,4062.8
334.1271084337,4118.5
333.2313253012,4005.7
332.3355421687,3987.5
331.4397590361,4029.2
330.5439759036,3992.4
329.6481927711,4084.6
328.7524096386,3988.7
327.8566265060,4030.3
326.9608433735,3964.7
326.065060241,3981.5
325.1692771084,3912.9
324.2734939759,3940.3
323.3777108434,3905.1
322.4819277108,3827.
321.5861445783,3901.3
320.6903614458,3860.8
319.7945783133,3785.1
318.8987951807,3779.7
318.0030120482,3702.8
317.1072289157,3692.
316.2114457831,3698.8
315.3156626506,3721.8
314.4198795181,3697.8
313.5240963855,3671.3
312.6283132530,3623.9
311.7325301205,3560.9
310.836746988,3563.9
309.9409638554,3551.4
309.0451807229,3523.9
308.1493975904,3514.5
307.2536144578,3469.9
306.3578313253,3453.4
305.4620481928,3416.7
304.5662650602,3433.7
303.6704819277,3391.9
302.7746987952,3383.2
301.8789156627,3368.3
300.9831325301,3391.3
300.0873493976,3385.9
299.1915662651,3377.4
298.2957831325,3391.2
297.4000000000,3347.4
296.5042168675,3377.5
295.6084337349,3347.7
294.7126506024,3328.8
293.8168674699,3321.8
292.9210843373,3351.8
292.0253012048,3343.3
291.1295180723,3371.6
290.2337349398,3314.2
289.3379518072,3317.8
288.4421686747,3322.8
287.5463855422,3322.5
286.6506024096,3323.8
285.7548192771,3321.
284.8590361446,3298.
283.9632530120,3288.4
283.0674698795,3291.7
282.171686747,3317.8
281.2759036145,3311.4
280.3801204819,3292.5
279.4843373494,3285.8
278.5885542169,3280.4
277.6927710843,3292.9
276.7969879518,3274.1
275.9012048193,3283.8
275.0054216867,3279.2
274.1096385542,3304.1
273.2138554217,3297.6
272.3180722892,3272.9
271.4222891566,3282.4
270.5265060241,3311.
269.6307228916,3289.2
268.7349397590,3292.7
267.8391566265,3298.8
266.943373494,3280.9
266.0475903614,3290.1
265.1518072289,3292.2
264.2560240964,3269.9
263.3602409639,3280.5
262.4644578313,3297.8
261.5686746988,3269.7
260.6728915663,3263.3
259.7771084337,3276.3
258.8813253012,3280.8
257.9855421687,3251.7
257.0897590361,3263.7
256.1939759036,3267.9
255.2981927711,3253.1
254.4024096386,3253.9
253.5066265060,3248.6
252.6108433735,3275.7
251.715060241,3246.7
250.8192771084,3269.6
249.9234939759,3263.8
249.0277108434,3278.3
248.1319277108,3270.5
247.2361445783,3273.9
246.3403614458,3268.6
245.4445783133,3258.3
244.5487951807,3279.9
243.6530120482,3270.7
242.7572289157,3273.
241.8614457831,3271.9
240.9656626506,3256.3
240.0698795181,3271.5
239.1740963855,3259.4
238.2783132530,3255.6
237.3825301205,3245.2
236.486746988,3259.2
235.5909638554,3263.3
234.6951807229,3232.8
233.7993975904,3257.2
232.9036144578,3266.2
232.0078313253,3220.4
231.1120481928,3260.5
230.2162650602,3228.4
229.3204819277,3241.6
228.4246987952,3219.
227.5289156627,3259.6
226.6331325301,3234.6
225.7373493976,3234.1
224.8415662651,3253.5
223.9457831325,3227.8
223.0500000000,3239.7
222.1542168675,3224.3
221.2584337349,3226.4
220.3626506024,3229.6
219.4668674699,3239.4
218.5710843373,3230.6
217.6753012048,3216.5
216.7795180723,3247.4
215.8837349398,3226.7
214.9879518072,3246.
214.0921686747,3207.7
213.1963855422,3227.9
212.3006024096,3241.9
211.4048192771,3246.5
210.5090361446,3211.8
209.6132530120,3233.9
208.7174698795,3243.
207.821686747,3227.8
206.9259036145,3204.5
206.0301204819,3232.
205.1343373494,3217.
204.2385542169,3253.2
203.3427710843,3221.
202.4469879518,3230.8
201.5512048193,3221.5
200.6554216867,3227.
199.7596385542,3217.
198.8638554217,3235.9
197.9680722892,3250.6
197.0722891566,3222.
196.1765060241,3233.9
195.2807228916,3234.4
194.3849397590,3245.9
193.4891566265,3224.5
192.593373494,3229.2
191.6975903614,3212.9
190.8018072289,3216.4
189.9060240964,3234.9
189.0102409639,3237.9
188.1144578313,3227.7
187.2186746988,3215.6
186.3228915663,3231.5
185.4271084337,3232.1
184.5313253012,3239.
183.6355421687,3219.7
182.7397590361,3222.8
181.8439759036,3232.8
180.9481927711,3221.7
180.0524096386,3231.9
179.1566265060,3229.
178.2608433735,3239.3
177.365060241,3234.8
176.4692771084,3212.5
175.5734939759,3240.
174.6777108434,3214.8
173.7819277108,3222.8
172.8861445783,3238.3
171.9903614458,3245.3
171.0945783133,3219.4
170.1987951807,3226.3
169.3030120482,3224.1
168.4072289157,3223.4
167.5114457831,3226.8
166.6156626506,3221.4
165.7198795181,3212.
164.8240963855,3212.4
163.9283132530,3255.1
163.0325301205,3235.3
162.136746988,3215.3
161.2409638554,3225.2
160.3451807229,3231.9
159.4493975904,3224.
158.5536144578,3241.4
157.6578313253,3224.9
156.7620481928,3239.
155.8662650602,3228.7
154.9704819277,3225.8
154.0746987952,3215.2
153.1789156627,3230.
152.2831325301,3225.3
151.3873493976,3234.9
150.4915662651,3217.8
149.5957831325,3221.
148.7000000000,3228.7
147.8042168675,3225.7
146.9084337349,3211.
146.0126506024,3242.9
145.1168674699,3235.7
144.2210843373,3226.7
143.3253012048,3233.3
142.4295180723,3220.2
141.5337349398,3239.5
140.6379518072,3238.
139.7421686747,3243.8
138.8463855422,3243.4
137.9506024096,3229.9
137.0548192771,3221.4
136.1590361446,3240.1
135.2632530120,3225.
134.3674698795,3220.2
133.471686747,3215.7
132.5759036145,3233.
131.6801204819,3220.5
130.7843373494,3242.3
129.8885542169,3224.7
128.9927710843,3222.5
128.0969879518,3224.2
127.2012048193,3213.2
126.3054216867,3238.7
125.4096385542,3241.1
124.5138554217,3216.7
123.6180722892,3212.2
122.7222891566,3232.
121.8265060241,3249.5
120.9307228916,3237.5
120.0349397590,3222.5
119.1391566265,3225.1
118.243373494,3234.3
117.3475903614,3229.8
116.4518072289,3219.7
115.5560240964,3203.1
114.6602409639,3197.2
113.7644578313,3222.3
112.8686746988,3222.2
111.9728915663,3223.9
111.0771084337,3216.4
110.1813253012,3232.4
109.2855421687,3246.4
108.3897590361,3224.1
107.4939759036,3224.8
106.5981927711,3239.7
105.7024096386,3228.6
104.8066265060,3228.2
103.9108433735,3217.1
103.015060241,3216.1
102.1192771084,3218.8
101.2234939759,3224.2
100.3277108434,3209.2
99.4319277108,3226.6
98.5361445783,3221.9
97.6403614458,3217.5
96.7445783133,3227.
95.8487951807,3222.9
94.9530120482,3227.6
94.0572289157,3225.
93.1614457831,3212.4
92.2656626506,3227.9
91.3698795181,3230.9
90.4740963855,3221.9
89.5783132530,3220.8
88.6825301205,3219.3
87.786746988,3226.2
86.8909638554,3212.2
85.9951807229,3211.2
85.0993975904,3214.3
84.2036144578,3223.1
83.3078313253,3221.9
82.4120481928,3239.
81.5162650602,3225.3
80.6204819277,3238.
79.7246987952,3229.9
78.8289156627,3218.3
77.9331325301,3232.8
77.0373493976,3217.
76.1415662651,3211.3
75.2457831325,3228.8
74.3500000000,3233.5
73.4542168675,3201.5
72.5584337349,3233.7
71.6626506024,3227.7
70.7668674699,3226.5
69.8710843373,3214.2
68.9753012048,3235.8
68.0795180723,3232.7
67.1837349398,3212.
66.2879518072,3219.
65.3921686747,3228.5
64.4963855422,3205.9
63.6006024096,3201.4
62.7048192771,3220.3
61.8090361446,3245.6
60.9132530120,3223.
60.0174698795,3234.2
59.121686747,3225.8
58.2259036145,3226.6
57.3301204819,3223.5
56.4343373494,3226.7
55.5385542169,3229.7
54.6427710843,3243.3
53.7469879518,3219.
52.8512048193,3219.8
51.9554216867,3213.5
51.0596385542,3219.1
50.1638554217,3234.8
49.2680722892,3228.3
48.3722891566,3219.1
47.4765060241,3209.8
46.5807228916,3220.2
45.6849397590,3233.6
44.7891566265,3216.9
43.893373494,3218.6
42.9975903614,3224.2
42.1018072289,3229.7
41.2060240964,3216.3
40.3102409639,3234.4
39.4144578313,3240.7
38.5186746988,3216.6
37.6228915663,3215.8
36.7271084337,3240.2
35.8313253012,3204.7
34.9355421687,3225.9
34.0397590361,3221.8
33.1439759036,3215.9
32.2481927711,3230.8
31.3524096386,3207.5
30.4566265060,3218.1
29.5608433735,3221.2
28.665060241,3233.5
27.7692771084,3225.5
26.8734939759,3223.8
25.9777108434,3227.9
25.0819277108,3209.3
24.1861445783,3208.7
23.2903614458,3227.1
22.3945783133,3216.1
21.4987951807,3212.5
20.6030120482,3224.
19.7072289157,3217.6
18.8114457831,3232.1
17.9156626506,3232.5
17.0198795181,3218.3
16.1240963855,3218.9
15.2283132530,3232.5
14.3325301205,3226.3
13.436746988,3228.
12.5409638554,3243.3
11.6451807229,3231.5
10.7493975904,3232.8
9.8536144578,3221.1
8.9578313253,3222.4
8.0620481928,3214.2
7.1662650602,3234.5
6.2704819277,3204.9
5.3746987952,3225.1
4.4789156627,3227.9
3.5831325301,3218.
2.6873493976,3225.2
1.7915662651,3211.1
0.8957831325,3227.4
0.,3242.8
-0.8957831325,3215.7
-1.7915662651,3220.
-2.6873493976,3212.8
-3.5831325301,3243.8
-4.4789156627,3218.2
-5.3746987952,3216.2
-6.2704819277,3225.
-7.1662650602,3220.3
-8.0620481928,3225.5
-8.9578313253,3208.3
-9.8536144578,3215.3
-10.7493975904,3219.4
-11.6451807229,3226.2
-12.5409638554,3231.7
-13.436746988,3232.8
-14.3325301205,3213.6
-15.2283132530,3218.
-16.1240963855,3223.9
-17.0198795181,3229.7
-17.9156626506,3221.
-18.8114457831,3219.7
-19.7072289157,3213.3
-20.6030120482,3212.4
-21.4987951807,3226.1
-22.3945783133,3225.5
-23.2903614458,3238.
-24.1861445783,3222.8
-25.0819277108,3228.5
-25.9777108434,3217.
-26.8734939759,3243.3
-27.7692771084,3240.1
-28.665060241,3222.4
-29.5608433735,3216.
-30.4566265060,3232.5
-31.3524096386,3227.5
-32.2481927711,3222.4
-33.1439759036,3233.7
-34.0397590361,3219.1
-34.9355421687,3223.9
-35.8313253012,3220.8
-36.7271084337,3226.6
-37.6228915663,3233.9
-38.5186746988,3215.1
-39.4144578313,3217.5
-40.3102409639,3203.
-41.2060240964,3222.9
-42.1018072289,3222.1
-42.9975903614,3206.7
-43.893373494,3231.5
-44.7891566265,3234.5
-45.6849397590,3233.3
-46.5807228916,3205.
-47.4765060241,3211.9
-48.3722891566,3233.8
-49.2680722892,3233.8
-50.1638554217,3235.2
-51.0596385542,3225.8
-51.9554216867,3237.2
-52.8512048193,3225.
-53.7469879518,3228.6
-54.6427710843,3219.2
-55.5385542169,3217.5
-56.4343373494,3238.
-57.3301204819,3239.2
-58.2259036145,3211.2
-59.121686747,3222.7
-60.0174698795,3224.4
-60.9132530120,3215.5
-61.8090361446,3230.3
-62.7048192771,3240.2
-63.6006024096,3221.3
-64.4963855422,3223.
-65.3921686747,3233.2
-66.2879518072,3214.2
-67.1837349398,3239.2
-68.0795180723,3234.9
-68.9753012048,3202.7
-69.8710843373,3213.7
-70.7668674699,3218.9
-71.6626506024,3218.3
-72.5584337349,3222.3
-73.4542168675,3213.4
-74.3500000000,3222.7
-75.2457831325,3212.6
-76.1415662651,3221.7
-77.0373493976,3214.
-77.9331325301,3215.5
-78.8289156627,3241.9
-79.7246987952,3230.2
-80.6204819277,3221.5
-81.5162650602,3215.7
-82.4120481928,3216.6
-83.3078313253,3214.4
-84.2036144578,3213.9
-85.0993975904,3223.9
-85.9951807229,3229.6
-86.8909638554,3223.5
-87.786746988,3226.1
-88.6825301205,3227.7
-89.5783132530,3222.6
-90.4740963855,3214.7
-91.3698795181,3219.2
-92.2656626506,3220.8
-93.1614457831,3235.3
-94.0572289157,3219.6
-94.9530120482,3211.
-95.8487951807,3238.7
-96.7445783133,3222.8
-97.6403614458,3213.5
-98.5361445783,3231.3
-99.4319277108,3230.8
-100.3277108434,3211.2
-101.2234939759,3207.8
-102.1192771084,3228.3
-103.015060241,3232.4
-103.9108433735,3214.6
-104.8066265060,3209.5
-105.7024096386,3220.4
-106.5981927711,3239.2
-107.4939759036,3223.3
-108.3897590361,3227.8
-109.2855421687,3214.9
-110.1813253012,3208.
-111.0771084337,3213.2
-111.9728915663,3217.2
-112.8686746988,3218.6
-113.7644578313,3213.2
-114.6602409639,3225.
-115.5560240964,3215.2
-116.4518072289,3223.2
-117.3475903614,3221.3
-118.243373494,3220.3
-119.1391566265,3232.
-120.0349397590,3217.1
-120.9307228916,3229.4
-121.8265060241,3219.2
-122.7222891566,3213.3
-123.6180722892,3231.4
-124.5138554217,3216.3
-125.4096385542,3237.9
-126.3054216867,3213.7
-127.2012048193,3198.2
-128.0969879518,3221.
-128.9927710843,3222.5
-129.8885542169,3225.3
-130.7843373494,3241.2
-131.6801204819,3236.
-132.5759036145,3222.7
-133.471686747,3220.9
-134.3674698795,3233.1
-135.2632530120,3246.5
-136.1590361446,3240.3
-137.0548192771,3220.8
-137.9506024096,3222.
-138.8463855422,3232.5
-139.7421686747,3213.1
-140.6379518072,3215.4
-141.5337349398,3211.8
-142.4295180723,3218.6
-143.3253012048,3206.
-144.2210843373,3237.9
-145.1168674699,3223.5
-146.0126506024,3222.
-146.9084337349,3233.8
-147.8042168675,3223.4
-148.7000000000,3225.5
-149.5957831325,3215.6
-150.4915662651,3212.3
-151.3873493976,3212.8
-152.2831325301,3222.7
-153.1789156627,3212.1
-154.0746987952,3223.5
-154.9704819277,3221.5
-155.8662650602,3223.1
-156.7620481928,3200.2
-157.6578313253,3231.1
-158.5536144578,3232.6
-159.4493975904,3205.4
-160.3451807229,3221.8
-161.2409638554,3215.9
-162.136746988,3213.
-163.0325301205,3210.7
-163.9283132530,3222.9
-164.8240963855,3226.5
-165.7198795181,3211.9
-166.6156626506,3218.9
-167.5114457831,3241.1
-168.4072289157,3227.
-169.3030120482,3216.4
-170.1987951807,3205.5
-171.0945783133,3200.5
-171.9903614458,3208.8
-172.8861445783,3213.4
-173.7819277108,3225.5
-174.6777108434,3222.1
-175.5734939759,3238.
-176.4692771084,3220.1
-177.365060241,3232.9
-178.2608433735,3211.
-179.1566265060,3218.3
-180.0524096386,3207.6
-180.9481927711,3222.9
-181.8439759036,3200.3
-182.7397590361,3222.6
-183.6355421687,3210.1
-184.5313253012,3231.
-185.4271084337,3212.6
-186.3228915663,3223.2
-187.2186746988,3229.
-188.1144578313,3225.4
-189.0102409639,3224.3
-189.9060240964,3219.8
-190.8018072289,3234.1
-191.6975903614,3216.4
-192.593373494,3212.1
-193.4891566265,3210.9
-194.3849397590,3211.5
-195.2807228916,3236.9
-196.1765060241,3228.2
-197.0722891566,3213.7
-197.9680722892,3219.6
-198.8638554217,3225.2
-199.7596385542,3226.6
-200.6554216867,3231.4
-201.5512048193,3221.4
-202.4469879518,3234.
-203.3427710843,3236.5
-204.2385542169,3219.1
-205.1343373494,3243.4
-206.0301204819,3240.8
-206.9259036145,3242.8
-207.821686747,3234.6
-208.7174698795,3242.9
-209.6132530120,3236.
-210.5090361446,3254.6
-211.4048192771,3250.6
-212.3006024096,3228.9
-213.1963855422,3235.5
-214.0921686747,3247.2
-214.9879518072,3247.8
-215.8837349398,3261.
-216.7795180723,3251.9
-217.6753012048,3253.
-218.5710843373,3263.7
-219.4668674699,3244.6
-220.3626506024,3263.8
-221.2584337349,3248.3
-222.1542168675,3253.7
-223.05,3242.6
-223.9457831325,3258.9
-224.8415662651,3263.7
-225.7373493976,3239.5
-226.6331325301,3225.4
-227.5289156627,3238.8
-228.4246987952,3245.3
-229.3204819277,3250.4
-230.2162650602,3242.
-231.1120481928,3251.2
-232.0078313253,3246.8
-232.9036144578,3241.
-233.7993975904,3243.1
-234.6951807229,3220.
-235.5909638554,3220.5
-236.486746988,3259.5
-237.3825301205,3241.
-238.2783132530,3230.5
-239.1740963855,3223.7
-240.0698795181,3223.8
-240.9656626506,3247.5
-241.8614457831,3236.5
-242.7572289157,3248.4
-243.6530120482,3235.4
-244.5487951807,3250.6
-245.4445783133,3243.5
-246.3403614458,3232.1
-247.2361445783,3234.5
-248.1319277108,3262.5
-249.0277108434,3222.6
-249.9234939759,3237.3
-250.8192771084,3236.
-251.715060241,3241.9
-252.6108433735,3247.8
-253.5066265060,3221.9
-254.4024096386,3228.
-255.2981927711,3237.5
-256.1939759036,3244.8
-257.0897590361,3204.6
-257.9855421687,3229.
-258.8813253012,3229.5
-259.7771084337,3224.1
-260.6728915663,3246.3
-261.5686746988,3232.8
-262.4644578313,3232.1
-263.3602409639,3214.6
-264.2560240964,3233.4
-265.1518072289,3217.3
-266.0475903614,3220.2
-266.943373494,3222.2
-267.8391566265,3229.4
-268.7349397590,3235.
-269.6307228916,3218.2
-270.5265060241,3222.7
-271.4222891566,3229.2
-272.3180722892,3229.7
-273.2138554217,3220.9
-274.1096385542,3228.8
-275.0054216867,3219.3
-275.9012048193,3207.2
-276.7969879518,3222.7
-277.6927710843,3232.1
-278.5885542169,3247.9
-279.4843373494,3241.6
-280.3801204819,3230.
-281.2759036145,3204.2
-282.171686747,3223.9
-283.0674698795,3217.9
-283.9632530120,3244.7
-284.8590361446,3225.4
-285.7548192771,3218.5
-286.6506024096,3207.6
-287.5463855422,3219.6
-288.4421686747,3213.7
-289.3379518072,3208.6
-290.2337349398,3228.7
-291.1295180723,3224.
-292.0253012048,3223.1
-292.9210843373,3222.
-293.8168674699,3212.8
-294.7126506024,3210.6
-295.6084337349,3226.6
-296.5042168675,3216.9
-297.4,3215.7
-298.2957831325,3227.4
-299.1915662651,3213.8
-300.0873493976,3213.1
-300.9831325301,3234.5
-301.8789156627,3224.3
-302.7746987952,3216.8
-303.6704819277,3200.5
-304.5662650602,3223.9
-305.4620481928,3212.1
-306.3578313253,3206.6
-307.2536144578,3226.1
-308.1493975904,3220.2
-309.0451807229,3217.9
-309.9409638554,3223.4
-310.836746988,3228.3
-311.7325301205,3219.5
-312.6283132530,3207.4
-313.5240963855,3210.9
-314.4198795181,3214.5
-315.3156626506,3226.7
-316.2114457831,3224.3
-317.1072289157,3235.8
-318.0030120482,3241.6
-318.8987951807,3209.9
-319.7945783133,3213.8
-320.6903614458,3232.3
-321.5861445783,3216.4
-322.4819277108,3240.5
-323.3777108434,3222.8
-324.2734939759,3214.5
-325.1692771084,3237.3
-326.065060241,3219.5
-326.9608433735,3250.7
-327.8566265060,3236.3
-328.7524096386,3223.1
-329.6481927711,3242.6
-330.5439759036,3223.
-331.4397590361,3216.3
-332.3355421687,3233.9
-333.2313253012,3220.1
-334.1271084337,3261.6
-335.0228915663,3241.5
-335.9186746988,3231.6
-336.8144578313,3243.6
-337.7102409639,3246.9
-338.6060240964,3230.6
-339.5018072289,3241.6
-340.3975903614,3244.
-341.293373494,3244.4
-342.1891566265,3278.4
-343.0849397590,3259.6
-343.9807228916,3252.
-344.8765060241,3269.
-345.7722891566,3288.7
-346.6680722892,3266.2
-347.5638554217,3269.6
-348.4596385542,3274.4
-349.3554216867,3296.3
-350.2512048193,3271.1
-351.1469879518,3303.7
-352.0427710843,3279.2
-352.9385542169,3300.1
-353.8343373494,3317.6
-354.7301204819,3274.4
-355.6259036145,3302.7
-356.521686747,3310.3
-357.4174698795,3301.2
-358.3132530120,3318.
-359.2090361446,3320.3
-360.1048192771,3319.5
-361.0006024096,3315.7
-361.8963855422,3321.
-362.7921686747,3329.1
-363.6879518072,3321.4
-364.5837349398,3348.5
-365.4795180723,3323.7
-366.3753012048,3339.7
-367.2710843373,3390.7
-368.1668674699,3340.1
-369.0626506024,3349.8
-369.9584337349,3361.
-370.8542168675,3336.4
-371.75,3343.
-372.6457831325,3367.5
-373.5415662651,3331.4
-374.4373493976,3329.7
-375.3331325301,3337.2
-376.2289156627,3329.2
-377.1246987952,3319.
-378.0204819277,3356.2
-378.9162650602,3358.2
-379.8120481928,3360.1
-380.7078313253,3352.
-381.6036144578,3390.1
-382.4993975904,3373.
-383.3951807229,3387.1
-384.2909638554,3361.4
-385.186746988,3383.6
-386.0825301205,3310.6
-386.9783132530,3358.1
-387.8740963855,3357.6
-388.7698795181,3382.
-389.6656626506,3386.7
-390.5614457831,3349.
-391.4572289157,3384.9
-392.3530120482,3376.6
-393.2487951807,3349.7
-394.1445783133,3340.
-395.0403614458,3352.
-395.9361445783,3362.4
-396.8319277108,3347.2
-397.7277108434,3385.8
-398.6234939759,3400.5
-399.5192771084,3362.
-400.415060241,3369.4
-401.3108433735,3383.9
-402.2066265060,3358.2
-403.1024096386,3367.7
-403.9981927711,3376.7
-404.8939759036,3327.1
-405.7897590361,3364.8
-406.6855421687,3344.3
-407.5813253012,3363.
-408.4771084337,3377.9
-409.3728915663,3326.2
-410.2686746988,3392.9
-411.1644578313,3406.3
-412.0602409639,3355.1
-412.9560240964,3373.9
-413.8518072289,3364.1
-414.7475903614,3350.4
-415.643373494,3369.1
-416.5391566265,3373.1
-417.4349397590,3379.8
-418.3307228916,3407.9
-419.2265060241,3371.8
-420.1222891566,3345.8
-421.0180722892,3372.
-421.9138554217,3348.
-422.8096385542,3388.8
-423.7054216867,3375.4
-424.6012048193,3385.9
-425.4969879518,3367.5
-426.3927710843,3400.4
-427.2885542169,3387.3
-428.1843373494,3381.2
-429.0801204819,3400.6
-429.9759036145,3368.5
-430.871686747,3361.5
-431.7674698795,3334.8
-432.6632530120,3376.1
-433.5590361446,3373.4
-434.4548192771,3386.2
-435.3506024096,3371.
-436.2463855422,3388.9
-437.1421686747,3390.9
-438.0379518072,3364.8
-438.9337349398,3333.6
-439.8295180723,3383.8
-440.7253012048,3398.3
-441.6210843373,3365.3
-442.5168674699,3355.
-443.4126506024,3404.
-444.3084337349,3353.6
-445.2042168675,3375.3
-446.1000000000,3377.8
-446.9957831325,3381.9
-447.8915662651,3378.5
-448.7873493976,3396.6
-449.6831325301,3377.4
-450.5789156627,3376.1
-451.4746987952,3328.3
-452.3704819277,3363.7
-453.2662650602,3370.
-454.1620481928,3379.2
-455.0578313253,3349.9
-455.9536144578,3359.4
-456.8493975904,3359.6
-457.7451807229,3356.
-458.6409638554,3379.6
-459.536746988,3366.4
-460.4325301205,3362.7
-461.3283132530,3341.4
-462.2240963855,3344.1
-463.1198795181,3409.5
-464.0156626506,3352.4
-464.9114457831,3403.9
-465.8072289157,3388.7
-466.7030120482,3385.7
-467.5987951807,3367.4
-468.4945783133,3339.9
-469.3903614458,3395.8
-470.2861445783,3363.5
-471.1819277108,3316.9
-472.0777108434,3358.6
-472.9734939759,3385.7
-473.8692771084,3347.8
-474.765060241,3332.6
-475.6608433735,3360.9
-476.5566265060,3371.3
-477.4524096386,3366.4
-478.3481927711,3363.7
-479.2439759036,3350.2
-480.1397590361,3363.8
-481.0355421687,3354.9
-481.9313253012,3374.7
-482.8271084337,3342.9
-483.7228915663,3386.9
-484.6186746988,3374.7
-485.5144578313,3340.6
-486.4102409639,3352.5
-487.3060240964,3359.2
-488.2018072289,3322.2
-489.0975903614,3421.3
-489.993373494,3360.9
-490.8891566265,3343.1
-491.7849397590,3387.5
-492.6807228916,3351.8
-493.5765060241,3371.5
-494.4722891566,3377.3
-495.3680722892,3349.3
-496.2638554217,3379.9
-497.1596385542,3380.8
-498.0554216867,3326.2
-498.9512048193,3363.7
-499.8469879518,3375.7
-500.7427710843,3386.1
-501.6385542169,3381.5
-502.5343373494,3390.3
-503.4301204819,3349.9
-504.3259036145,3381.
-505.221686747,3408.4
-506.1174698795,3337.7
-507.0132530120,3359.9
-507.9090361446,3393.
-508.8048192771,3355.4
-509.7006024096,3366.3
-510.5963855422,3380.
-511.4921686747,3393.3
-512.3879518072,3365.
-513.2837349398,3350.4
-514.1795180723,3395.5
-515.0753012048,3404.5
-515.9710843373,3392.8
-516.8668674699,3400.9
-517.7626506024,3369.4
-518.6584337349,3372.4
-519.5542168675,3362.
-520.45,3398.8
-521.3457831325,3401.3
-522.2415662651,3389.2
-523.1373493976,3341.2
-524.0331325301,3350.2
-524.9289156627,3386.6
-525.8246987952,3340.3
-526.7204819277,3358.5
-527.6162650602,3383.8
-528.5120481928,3371.1
-529.4078313253,3390.8
-530.3036144578,3396.7
-531.1993975904,3337.7
-532.0951807229,3381.4
-532.9909638554,3366.2
-533.886746988,3358.1
-534.7825301205,3371.
-535.6783132530,3350.9
-536.5740963855,3384.5
-537.4698795181,3354.1
-538.3656626506,3363.4
-539.2614457831,3362.6
-540.1572289157,3361.5
-541.0530120482,3384.
-541.9487951807,3378.9
-542.8445783133,3348.3
-543.7403614458,3359.
-544.6361445783,3347.2
-545.5319277108,3363.2
-546.4277108434,3380.5
-547.3234939759,3378.9
-548.2192771084,3349.1
-549.115060241,3357.7
-550.0108433735,3361.5
-550.9066265060,3373.9
-551.8024096386,3369.7
-552.6981927711,3358.
-553.5939759036,3384.8
-554.4897590361,3333.9
-555.3855421687,3338.3
-556.2813253012,3366.1
-557.1771084337,3360.4
-558.0728915663,3338.3
-558.9686746988,3361.1
-559.8644578313,3344.6
-560.7602409639,3363.2
-561.6560240964,3339.6
-562.5518072289,3359.5
-563.4475903614,3327.7
-564.343373494,3370.5
-565.2391566265,3337.6
-566.1349397590,3350.5
-567.0307228916,3347.2
-567.9265060241,3338.5
-568.8222891566,3371.4
-569.7180722892,3373.5
-570.6138554217,3364.9
-571.5096385542,3340.5
-572.4054216867,3391.1
-573.3012048193,3317.4
-574.1969879518,3320.4
-575.0927710843,3364.3
-575.9885542169,3376.7
-576.8843373494,3334.1
-577.7801204819,3333.8
-578.6759036145,3354.
-579.571686747,3359.1
-580.4674698795,3338.6
-581.3632530120,3335.5
-582.2590361446,3360.8
-583.1548192771,3333.7
-584.0506024096,3352.3
-584.9463855422,3350.5
-585.8421686747,3396.1
-586.7379518072,3313.3
-587.6337349398,3359.8
-588.5295180723,3348.5
-589.4253012048,3313.2
-590.3210843373,3353.8
-591.2168674699,3330.
-592.1126506024,3370.6
-593.0084337349,3367.1
-593.9042168675,3335.4
-594.8,3331.7
-595.6957831325,3304.7
-596.5915662651,3313.1
-597.4873493976,3307.6
-598.3831325301,3351.6
-599.2789156627,3351.5
-600.1746987952,3377.4
-601.0704819277,3388.8
-601.9662650602,3353.9
-602.8620481928,3353.7
-603.7578313253,3410.6
-604.6536144578,3396.
-605.5493975904,3451.9
-606.4451807229,3400.6
-607.3409638554,3384.5
-608.236746988,3415.
-609.1325301205,3386.6
-610.0283132530,3386.7
-610.9240963855,3357.9
-611.8198795181,3358.9
-612.7156626506,3360.2
-613.6114457831,3337.6
-614.5072289157,3331.
-615.4030120482,3331.2
-616.2987951807,3342.5
-617.1945783133,3339.5
-618.0903614458,3361.5
-618.9861445783,3323.3
-619.8819277108,3337.7
-620.7777108434,3343.7
-621.6734939759,3357.2
-622.5692771084,3344.4
-623.465060241,3364.6
-624.3608433735,3325.3
-625.2566265060,3333.4
-626.1524096386,3323.7
-627.0481927711,3324.8
-627.9439759036,3307.5
-628.8397590361,3359.5
-629.7355421687,3317.5
-630.6313253012,3320.1
-631.5271084337,3339.2
-632.4228915663,3317.5
-633.3186746988,3314.5
-634.2144578313,3316.5
-635.1102409639,3333.4
-636.0060240964,3342.3
-636.9018072289,3293.5
-637.7975903614,3329.9
-638.693373494,3347.4
-639.5891566265,3334.3
-640.4849397590,3301.6
-641.3807228916,3333.4
-642.2765060241,3326.3
-643.1722891566,3335.
-644.0680722892,3308.
-644.9638554217,3322.1
-645.8596385542,3336.5
-646.7554216867,3296.6
-647.6512048193,3327.6
-648.5469879518,3327.2
-649.4427710843,3300.3
-650.3385542169,3279.3
-651.2343373494,3301.4
-652.1301204819,3320.6
-653.0259036145,3298.6
-653.921686747,3299.6
-654.8174698795,3336.8
-655.7132530120,3311.7
-656.6090361446,3319.1
-657.5048192771,3323.3
-658.4006024096,3321.9
-659.2963855422,3325.
-660.1921686747,3315.6
-661.0879518072,3318.6
-661.9837349398,3281.5
-662.8795180723,3317.7
-663.7753012048,3297.1
-664.6710843373,3312.2
-665.5668674699,3316.3
-666.4626506024,3331.3
-667.3584337349,3309.9
-668.2542168675,3312.
-669.15,3331.
-670.0457831325,3320.2
-670.9415662651,3328.7
-671.8373493976,3294.1
-672.7331325301,3298.8
-673.6289156627,3287.9
-674.5246987952,3304.9
-675.4204819277,3287.8
-676.3162650602,3284.7
-677.2120481928,3322.2
-678.1078313253,3271.2
-679.0036144578,3305.2
-679.8993975904,3300.3
-680.7951807229,3320.9
-681.6909638554,3297.3
-682.586746988,3314.4
-683.4825301205,3304.1
-684.3783132530,3307.8
-685.2740963855,3290.2
-686.1698795181,3319.5
-687.0656626506,3299.5
-687.9614457831,3297.
-688.8572289157,3306.7
-689.7530120482,3305.5
-690.6487951807,3276.9
-691.5445783133,3289.3
-692.4403614458,3311.9
-693.3361445783,3316.
-694.2319277108,3335.3
-695.1277108434,3289.2
-696.0234939759,3291.5
-696.9192771084,3306.8
-697.815060241,3280.8
-698.7108433735,3287.3
-699.6066265060,3307.1
-700.5024096386,3308.
-701.3981927711,3281.
-702.2939759036,3283.
-703.1897590361,3294.1
-704.0855421687,3302.
-704.9813253012,3304.9
-705.8771084337,3318.1
-706.7728915663,3301.8
-707.6686746988,3327.
-708.5644578313,3320.3
-709.4602409639,3293.7
-710.3560240964,3312.1
-711.2518072289,3317.5
-712.1475903614,3326.3
-713.043373494,3308.1
-713.9391566265,3311.
-714.8349397590,3273.7
-715.7307228916,3304.
-716.6265060241,3312.1
-717.5222891566,3306.2
-718.4180722892,3337.8
-719.3138554217,3313.
-720.2096385542,3372.1
-721.1054216867,3332.1
-722.0012048193,3300.1
-722.8969879518,3305.1
-723.7927710843,3302.
-724.6885542169,3360.6
-725.5843373494,3322.7
-726.4801204819,3339.5
-727.3759036145,3328.5
-728.271686747,3314.7
-729.1674698795,3331.7
-730.0632530120,3324.9
-730.9590361446,3328.3
-731.8548192771,3342.7
-732.7506024096,3379.
-733.6463855422,3344.9
-734.5421686747,3330.8
-735.4379518072,3373.2
-736.3337349398,3362.4
-737.2295180723,3377.
-738.1253012048,3385.8
-739.0210843373,3415.5
-739.9168674699,3393.3
-740.8126506024,3393.
-741.7084337349,3404.7
-742.6042168675,3441.1
-743.5,3388.3
-744.3957831325,3409.5
-745.2915662651,3426.8
-746.1873493976,3461.3
-747.0831325301,3455.5
-747.9789156627,3486.3
-748.8746987952,3480.4
-749.7704819277,3542.6
-750.6662650602,3603.4
-751.5620481928,3657.7
-752.4578313253,3763.4
-753.3536144578,3891.3
-754.2493975904,4080.3
-755.1451807229,4385.6
-756.0409638554,4829.3
-756.936746988,5114.9
-757.8325301205,5510.1
-758.7283132530,5945.3
-759.6240963855,6323.4
-760.5198795181,6537.7
-761.4156626506,6685.5
-762.3114457831,6675.6
-763.2072289157,6389.7
-764.1030120482,6166.4
-764.9987951807,5738.7
-765.8945783133,5272.1
-766.7903614458,4864.7
-767.6861445783,4592.1
-768.5819277108,4211.6
-769.4777108434,4018.5
-770.3734939759,3908.4
-771.2692771084,3780.8
-772.165060241,3771.8
-773.0608433735,3660.7
-773.9566265060,3621.4
-774.8524096386,3607.6
-775.7481927711,3558.3
-776.6439759036,3580.4
-777.5397590361,3543.6
-778.4355421687,3608.2
-779.3313253012,3583.8
-780.2271084337,3491.8
-781.1228915663,3528.
-782.0186746988,3520.5
-782.9144578313,3485.5
-783.8102409639,3436.8
-784.7060240964,3472.4
-785.6018072289,3427.
-786.4975903614,3409.8
-787.393373494,3444.6
-788.2891566265,3399.2
-789.1849397590,3409.3
-790.0807228916,3355.4
-790.9765060241,3370.7
-791.8722891566,3376.1
-792.7680722892,3373.4
-793.6638554217,3367.2
-794.5596385542,3369.5
-795.4554216867,3351.1
-796.3512048193,3361.2
-797.2469879518,3357.9
-798.1427710843,3330.5
-799.0385542169,3328.8
-799.9343373494,3306.4
-800.8301204819,3325.
-801.7259036145,3370.1
-802.621686747,3308.7
-803.5174698795,3304.4
-804.4132530120,3309.6
-805.3090361446,3306.1
-806.2048192771,3331.4
-807.1006024096,3315.5
-807.9963855422,3318.
-808.8921686747,3314.5
-809.7879518072,3299.5
-810.6837349398,3301.7
-811.5795180723,3292.7
-812.4753012048,3316.1
-813.3710843373,3300.1
-814.2668674699,3313.3
-815.1626506024,3297.6
-816.0584337349,3293.7
-816.9542168675,3287.3
-817.8500000000,3310.1
-818.7457831325,3315.9
-819.6415662651,3279.8
-820.5373493976,3294.8
-821.4331325301,3301.8
-822.3289156627,3291.8
-823.2246987952,3276.8
-824.1204819277,3288.
-825.0162650602,3272.8
-825.9120481928,3308.
-826.8078313253,3291.5
-827.7036144578,3283.2
-828.5993975904,3268.8
-829.4951807229,3280.8
-830.3909638554,3287.8
-831.286746988,3285.1
-832.1825301205,3253.2
-833.0783132530,3267.7
-833.9740963855,3269.2
-834.8698795181,3277.3
-835.7656626506,3303.6
-836.6614457831,3273.7
-837.5572289157,3293.2
-838.4530120482,3283.5
-839.3487951807,3286.
-840.2445783133,3256.6
-841.1403614458,3283.9
-842.0361445783,3303.1
-842.9319277108,3271.1
-843.8277108434,3276.2
-844.7234939759,3281.
-845.6192771084,3289.5
-846.515060241,3278.9
-847.4108433735,3280.3
-848.3066265060,3285.2
-849.2024096386,3294.4
-850.0981927711,3257.9
-850.9939759036,3261.5
-851.8897590361,3259.4
-852.7855421687,3280.2
-853.6813253012,3279.6
-854.5771084337,3251.4
-855.4728915663,3240.8
-856.3686746988,3252.8
-857.2644578313,3241.8
-858.1602409639,3263.4
-859.0560240964,3279.9
-859.9518072289,3236.4
-860.8475903614,3249.6
-861.743373494,3261.2
-862.6391566265,3244.
-863.5349397590,3244.3
-864.4307228916,3237.8
-865.3265060241,3240.6
-866.2222891566,3247.9
-867.1180722892,3259.1
-868.0138554217,3242.9
-868.9096385542,3253.8
-869.8054216867,3237.5
-870.7012048193,3240.8
-871.5969879518,3240.9
-872.4927710843,3260.1
-873.3885542169,3226.6
-874.2843373494,3264.8
-875.1801204819,3278.1
-876.0759036145,3265.5
-876.971686747,3255.1
-877.8674698795,3241.6
-878.7632530120,3237.4
-879.6590361446,3252.5
-880.5548192771,3262.7
-881.4506024096,3240.6
-882.3463855422,3253.3
-883.2421686747,3246.7
-884.1379518072,3254.4
-885.0337349398,3241.6
-885.9295180723,3230.4
-886.8253012048,3253.3
-887.7210843373,3239.
-888.6168674699,3255.2
-889.5126506024,3264.7
-890.4084337349,3254.2
-891.3042168675,3250.8
-892.2,3235.4
-893.0957831325,3270.1
-893.9915662651,3241.3
-894.8873493976,3231.1
-895.7831325301,3242.8
-896.6789156627,3260.7
-897.5746987952,3261.
-898.4704819277,3269.3
-899.3662650602,3245.1
-900.2620481928,3245.2
-901.1578313253,3276.9
-902.0536144578,3257.7
-902.9493975904,3279.4
-903.8451807229,3289.5
-904.7409638554,3276.8
-905.636746988,3242.6
-906.5325301205,3249.1
-907.4283132530,3271.2
-908.3240963855,3256.9
-909.2198795181,3257.
-910.1156626506,3274.2
-911.0114457831,3268.9
-911.9072289157,3271.7
-912.8030120482,3270.7
-913.6987951807,3277.4
-914.5945783133,3272.9
-915.4903614458,3286.7
-916.3861445783,3279.6
-917.2819277108,3252.3
-918.1777108434,3295.
-919.0734939759,3276.
-919.9692771084,3282.2
-920.865060241,3314.8
-921.7608433735,3328.2
-922.6566265060,3333.5
-923.5524096386,3377.7
-924.4481927711,3378.9
-925.3439759036,3411.4
-926.2397590361,3492.4
-927.1355421687,3510.2
-928.0313253012,3626.6
-928.9271084337,3657.9
-929.8228915663,3727.
-930.7186746988,3788.1
-931.6144578313,3885.9
-932.5102409639,3890.5
-933.4060240964,3907.9
-934.3018072289,3848.4
-935.1975903614,3822.4
-936.093373494,3717.3
-936.9891566265,3696.2
-937.8849397590,3607.
-938.7807228916,3532.
-939.6765060241,3489.6
-940.5722891566,3482.6
-941.4680722892,3455.3
-942.3638554217,3425.2
-943.2596385542,3388.5
-944.1554216867,3355.
-945.0512048193,3380.
-945.9469879518,3375.7
-946.8427710843,3350.1
-947.7385542169,3339.6
-948.6343373494,3361.
-949.5301204819,3347.4
-950.4259036145,3335.
-951.321686747,3354.1
-952.2174698795,3317.5
-953.1132530120,3303.6
-954.0090361446,3324.9
-954.9048192771,3353.5
-955.8006024096,3331.
-956.6963855422,3311.1
-957.5921686747,3289.7
-958.4879518072,3300.2
-959.3837349398,3308.
-960.2795180723,3296.9
-961.1753012048,3302.5
-962.0710843373,3275.4
-962.9668674699,3303.2
-963.8626506024,3276.4
-964.7584337349,3272.
-965.6542168675,3284.7
-966.55,3286.2
-967.4457831325,3284.6
-968.3415662651,3306.
-969.2373493976,3278.7
-970.1331325301,3254.6
-971.0289156627,3280.7
-971.9246987952,3276.9
-972.8204819277,3281.3
-973.7162650602,3264.3
-974.6120481928,3285.7
-975.5078313253,3269.1
-976.4036144578,3262.6
-977.2993975904,3281.2
-978.1951807229,3239.9
-979.0909638554,3268.9
-979.986746988,3260.7
-980.8825301205,3247.6
-981.7783132530,3262.6
-982.6740963855,3261.9
-983.5698795181,3248.8
-984.4656626506,3257.9
-985.3614457831,3276.6
-986.2572289157,3266.9
-987.1530120482,3257.4
-988.0487951807,3268.7
-988.9445783133,3234.2
-989.8403614458,3250.5
-990.7361445783,3256.4
-991.6319277108,3272.3
-992.5277108434,3250.5
-993.4234939759,3240.8
-994.3192771084,3262.2
-995.215060241,3280.8
-996.1108433735,3241.7
-997.0066265060,3268.3
-997.9024096386,3229.8
-998.7981927711,3279.1
-999.6939759036,3265.5
-1000.5897590361,3264.3
-1001.4855421687,3242.1
-1002.3813253012,3232.2
-1003.2771084337,3251.7
-1004.1728915663,3226.8
-1005.0686746988,3238.1
-1005.9644578313,3240.4
-1006.8602409639,3242.4
-1007.7560240964,3228.5
-1008.6518072289,3243.7
-1009.5475903614,3245.
-1010.443373494,3229.3
-1011.3391566265,3258.6
-1012.2349397590,3225.5
-1013.1307228916,3261.2
-1014.0265060241,3242.3
-1014.9222891566,3248.4
-1015.8180722892,3231.9
-1016.7138554217,3253.6
-1017.6096385542,3242.4
-1018.5054216867,3253.1
-1019.4012048193,3265.1
-1020.2969879518,3273.7
-1021.1927710843,3247.1
-1022.0885542169,3261.3
-1022.9843373494,3249.8
-1023.8801204819,3238.6
-1024.7759036145,3232.2
-1025.671686747,3247.8
-1026.5674698795,3236.1
-1027.4632530120,3215.2
-1028.3590361446,3249.
-1029.2548192771,3240.4
-1030.1506024096,3234.8
-1031.0463855422,3255.3
-1031.9421686747,3230.4
-1032.8379518072,3245.3
-1033.7337349398,3239.9
-1034.6295180723,3254.7
-1035.5253012048,3252.3
-1036.4210843373,3225.6
-1037.3168674699,3245.2
-1038.2126506024,3235.
-1039.1084337349,3232.1
-1040.0042168675,3225.4
-1040.9,3223.2
-1041.7957831325,3252.7
-1042.6915662651,3221.1
-1043.5873493976,3242.8
-1044.4831325301,3215.9
-1045.3789156627,3224.7
-1046.2746987952,3224.4
-1047.1704819277,3232.
-1048.0662650602,3238.1
-1048.9620481928,3234.4
-1049.8578313253,3244.6
-1050.7536144578,3230.1
-1051.6493975904,3250.1
-1052.5451807229,3227.8
-1053.4409638554,3239.9
-1054.336746988,3223.8
-1055.2325301205,3232.4
-1056.1283132530,3247.1
-1057.0240963855,3236.
-1057.9198795181,3237.
-1058.8156626506,3244.
-1059.7114457831,3221.4
-1060.6072289157,3238.3
-1061.5030120482,3236.8
-1062.3987951807,3240.4
-1063.2945783133,3244.7
-1064.1903614458,3232.
-1065.0861445783,3219.9
-1065.9819277108,3224.9
-1066.8777108434,3227.9
-1067.7734939759,3247.7
-1068.6692771084,3224.5
-1069.565060241,3236.6
-1070.4608433735,3214.1
-1071.3566265060,3239.9
-1072.2524096386,3239.8
-1073.1481927711,3240.8
-1074.0439759036,3252.5
-1074.9397590361,3243.6
-1075.8355421687,3232.6
-1076.7313253012,3223.9
-1077.6271084337,3244.1
-1078.5228915663,3228.8
-1079.4186746988,3234.9
-1080.3144578313,3216.5
-1081.2102409639,3251.
-1082.1060240964,3232.8
-1083.0018072289,3231.9
-1083.8975903614,3233.8
-1084.793373494,3237.4
-1085.6891566265,3216.1
-1086.5849397590,3223.4
-1087.4807228916,3220.1
-1088.3765060241,3224.9
-1089.2722891566,3239.7
-1090.1680722892,3227.7
-1091.0638554217,3236.2
-1091.9596385542,3240.7
-1092.8554216867,3238.4
-1093.7512048193,3236.2
-1094.6469879518,3228.7
-1095.5427710843,3254.9
-1096.4385542169,3232.2
-1097.3343373494,3240.6
-1098.2301204819,3232.
-1099.1259036145,3226.
-1100.021686747,3226.3
-1100.9174698795,3252.5
-1101.8132530120,3247.3
-1102.7090361446,3222.2
-1103.6048192771,3225.5
-1104.5006024096,3236.9
-1105.3963855422,3217.3
-1106.2921686747,3216.
-1107.1879518072,3228.1
-1108.0837349398,3224.7
-1108.9795180723,3212.7
-1109.8753012048,3236.7
-1110.7710843373,3237.1
-1111.6668674699,3232.7
-1112.5626506024,3219.4
-1113.4584337349,3227.4
-1114.3542168675,3202.7
-1115.25,3209.4
-1116.1457831325,3220.4
-1117.0415662651,3218.6
-1117.9373493976,3215.6
-1118.8331325301,3239.1
-1119.7289156627,3241.1
-1120.6246987952,3244.9
-1121.5204819277,3225.1
-1122.4162650602,3228.4
-1123.3120481928,3232.3
-1124.2078313253,3226.7
-1125.1036144578,3221.7
-1125.9993975904,3237.3
-1126.8951807229,3230.1
-1127.7909638554,3224.1
-1128.686746988,3216.8
-1129.5825301205,3218.
-1130.4783132530,3217.6
-1131.3740963855,3229.
-1132.2698795181,3235.9
-1133.1656626506,3237.1
-1134.0614457831,3218.3
-1134.9572289157,3228.4
-1135.8530120482,3230.8
-1136.7487951807,3232.4
-1137.6445783133,3217.4
-1138.5403614458,3192.5
-1139.4361445783,3241.6
-1140.3319277108,3239.9
-1141.2277108434,3236.1
-1142.1234939759,3223.8
-1143.0192771084,3211.2
-1143.915060241,3227.9
-1144.8108433735,3242.9
-1145.7066265060,3216.3
-1146.6024096386,3235.5
-1147.4981927711,3231.7
-1148.3939759036,3221.6
-1149.2897590361,3193.8
-1150.1855421687,3223.1
-1151.0813253012,3224.2
-1151.9771084337,3229.9
-1152.8728915663,3230.9
-1153.7686746988,3216.5
-1154.6644578313,3228.3
-1155.5602409639,3233.3
-1156.4560240964,3224.9
-1157.3518072289,3243.1
-1158.2475903614,3237.3
-1159.143373494,3233.7
-1160.0391566265,3256.2
-1160.9349397590,3211.5
-1161.8307228916,3216.6
-1162.7265060241,3238.2
-1163.6222891566,3218.7
-1164.5180722892,3202.9
-1165.4138554217,3228.5
-1166.3096385542,3225.5
-1167.2054216867,3238.9
-1168.1012048193,3219.9
-1168.9969879518,3224.8
-1169.8927710843,3227.1
-1170.7885542169,3217.2
-1171.6843373494,3225.7
-1172.5801204819,3206.9
-1173.4759036145,3232.1
-1174.371686747,3243.5
-1175.2674698795,3216.
-1176.1632530120,3217.8
-1177.0590361446,3232.8
-1177.9548192771,3211.7
-1178.8506024096,3216.7
-1179.7463855422,3200.6
-1180.6421686747,3231.8
-1181.5379518072,3223.8
-1182.4337349398,3238.
-1183.3295180723,3238.2
-1184.2253012048,3220.
-1185.1210843373,3228.5
-1186.0168674699,3221.5
-1186.9126506024,3217.3
-1187.8084337349,3236.3
-1188.7042168675,3236.6
-1189.6000000000,3226.8
-1190.4957831325,3217.7
-1191.3915662651,3224.9
-1192.2873493976,3226.7
-1193.1831325301,3230.4
-1194.0789156627,3238.3
-1194.9746987952,3222.2
-1195.8704819277,3235.6
-1196.7662650602,3213.4
-1197.6620481928,3222.7
-1198.5578313253,3225.8
-1199.4536144578,3227.6
-1200.3493975904,3245.7
-1201.2451807229,3210.9
-1202.1409638554,3231.3
-1203.036746988,3225.1
-1203.9325301205,3238.4
-1204.8283132530,3218.
-1205.7240963855,3204.9
-1206.6198795181,3227.5
-1207.5156626506,3247.6
-1208.4114457831,3224.8
-1209.3072289157,3227.2
-1210.2030120482,3228.2
-1211.0987951807,3215.9
-1211.9945783133,3226.7
-1212.8903614458,3226.3
-1213.7861445783,3232.
-1214.6819277108,3222.2
-1215.5777108434,3235.
-1216.4734939759,3215.1
-1217.3692771084,3234.9
-1218.265060241,3210.9
-1219.1608433735,3217.9
-1220.0566265060,3215.4
-1220.9524096386,3228.4
-1221.8481927711,3218.6
-1222.7439759036,3235.4
-1223.6397590361,3222.4
-1224.5355421687,3239.3
-1225.4313253012,3237.5
-1226.3271084337,3208.7
-1227.2228915663,3231.3
-1228.1186746988,3230.
-1229.0144578313,3207.6
-1229.9102409639,3251.4
-1230.8060240964,3244.3
-1231.7018072289,3225.9
-1232.5975903614,3223.4
-1233.493373494,3224.
-1234.3891566265,3216.4
-1235.2849397590,3231.4
-1236.1807228916,3231.6
-1237.0765060241,3229.7
-1237.9722891566,3230.1
-1238.8680722892,3216.2
-1239.7638554217,3229.7
-1240.6596385542,3218.2
-1241.5554216867,3213.4
-1242.4512048193,3204.4
-1243.3469879518,3221.5
-1244.2427710843,3239.2
-1245.1385542169,3232.4
-1246.0343373494,3229.
-1246.9301204819,3229.4
-1247.8259036145,3235.2
-1248.721686747,3249.2
-1249.6174698795,3241.
-1250.5132530120,3229.3
-1251.4090361446,3218.9
-1252.3048192771,3223.4
-1253.2006024096,3223.1
-1254.0963855422,3227.6
-1254.9921686747,3235.2
-1255.8879518072,3220.1
-1256.7837349398,3245.
-1257.6795180723,3221.7
-1258.5753012048,3208.3
-1259.4710843373,3225.7
-1260.3668674699,3230.3
-1261.2626506024,3220.5
-1262.1584337349,3229.
-1263.0542168675,3223.5
-1263.95,3222.3
-1264.8457831325,3238.4
-1265.7415662651,3224.9
-1266.6373493976,3232.4
-1267.5331325301,3217.3
-1268.4289156627,3231.
-1269.3246987952,3216.7
-1270.2204819277,3224.7
-1271.1162650602,3231.
-1272.0120481928,3239.7
-1272.9078313253,3239.6
-1273.8036144578,3219.8
-1274.6993975904,3216.8
-1275.5951807229,3217.9
-1276.4909638554,3239.
-1277.386746988,3235.9
-1278.2825301205,3223.6
-1279.1783132530,3216.2
-1280.0740963855,3223.8
-1280.9698795181,3232.8
-1281.8656626506,3225.3
-1282.7614457831,3217.2
-1283.6572289157,3240.3
-1284.5530120482,3240.
-1285.4487951807,3219.6
-1286.3445783133,3219.4
-1287.2403614458,3216.1
-1288.1361445783,3212.4
-1289.0319277108,3221.5
-1289.9277108434,3217.8
-1290.8234939759,3218.2
-1291.7192771084,3217.5
-1292.615060241,3228.1
-1293.5108433735,3210.2
-1294.4066265060,3211.7
-1295.3024096386,3228.4
-1296.1981927711,3226.1
-1297.0939759036,3232.1
-1297.9897590361,3222.7
-1298.8855421687,3230.8
-1299.7813253012,3220.8
-1300.6771084337,3236.2
-1301.5728915663,3218.
-1302.4686746988,3222.4
-1303.3644578313,3228.4
-1304.2602409639,3232.9
-1305.1560240964,3211.2
-1306.0518072289,3222.3
-1306.9475903614,3213.7
-1307.843373494,3211.4
-1308.7391566265,3213.5
-1309.6349397590,3218.6
-1310.5307228916,3228.8
-1311.4265060241,3231.1
-1312.3222891566,3211.5
-1313.2180722892,3237.
-1314.1138554217,3230.5
-1315.0096385542,3240.1
-1315.9054216867,3233.6
-1316.8012048193,3244.3
-1317.6969879518,3241.3
-1318.5927710843,3217.3
-1319.4885542169,3216.3
-1320.3843373494,3228.2
-1321.2801204819,3215.5
-1322.1759036145,3224.
-1323.071686747,3223.4
-1323.9674698795,3208.8
-1324.8632530120,3237.5
-1325.7590361446,3213.7
-1326.6548192771,3234.5
-1327.5506024096,3228.6
-1328.4463855422,3227.5
-1329.3421686747,3221.5
-1330.2379518072,3211.6
-1331.1337349398,3232.7
-1332.0295180723,3223.2
-1332.9253012048,3227.2
-1333.8210843373,3221.2
-1334.7168674699,3232.1
-1335.6126506024,3230.1
-1336.5084337349,3206.4
-1337.4042168675,3210.6
-1338.3,3236.4
-1339.1957831325,3225.9
-1340.0915662651,3225.9
-1340.9873493976,3229.7
-1341.8831325301,3233.8
-1342.7789156627,3223.3
-1343.6746987952,3220.2
-1344.5704819277,3227.1
-1345.4662650602,3235.3
-1346.3620481928,3220.9
-1347.2578313253,3221.7
-1348.1536144578,3232.8
-1349.0493975904,3222.6
-1349.9451807229,3215.1
-1350.8409638554,3247.1
-1351.736746988,3217.7
-1352.6325301205,3214.6
-1353.5283132530,3225.8
-1354.4240963855,3214.7
-1355.3198795181,3222.9
-1356.2156626506,3229.1
-1357.1114457831,3225.5
-1358.0072289157,3219.2
-1358.9030120482,3217.7
-1359.7987951807,3224.2
-1360.6945783133,3240.6
-1361.5903614458,3227.6
-1362.4861445783,3213.1
-1363.3819277108,3221.9
-1364.2777108434,3214.7
-1365.1734939759,3226.4
-1366.0692771084,3229.
-1366.965060241,3214.5
-1367.8608433735,3229.7
-1368.7566265060,3218.9
-1369.6524096386,3244.1
-1370.5481927711,3220.2
-1371.4439759036,3225.8
-1372.3397590361,3216.7
-1373.2355421687,3234.5
-1374.1313253012,3234.7
-1375.0271084337,3224.9
-1375.9228915663,3216.4
-1376.8186746988,3213.1
-1377.7144578313,3216.9
-1378.6102409639,3227.6
-1379.5060240964,3222.
-1380.4018072289,3226.9
-1381.2975903614,3219.9
-1382.193373494,3223.5
-1383.0891566265,3224.8
-1383.9849397590,3208.
-1384.8807228916,3220.6
-1385.7765060241,3192.5
-1386.6722891566,3232.1
-1387.5680722892,3230.9
-1388.4638554217,3225.2
-1389.3596385542,3214.9
-1390.2554216867,3231.8
-1391.1512048193,3245.1
-1392.0469879518,3220.2
-1392.9427710843,3203.2
-1393.8385542169,3234.5
-1394.7343373494,3222.
-1395.6301204819,3245.4
-1396.5259036145,3224.2
-1397.421686747,3223.7
-1398.3174698795,3233.2
-1399.2132530120,3227.1
-1400.1090361446,3209.7
-1401.0048192771,3233.6
-1401.9006024096,3220.6
-1402.7963855422,3228.3
-1403.6921686747,3223.3
-1404.5879518072,3213.1
-1405.4837349398,3214.6
-1406.3795180723,3227.6
-1407.2753012048,3224.5
-1408.1710843373,3236.6
-1409.0668674699,3217.
-1409.9626506024,3239.7
-1410.8584337349,3231.9
-1411.7542168675,3229.6
-1412.65,3237.3
-1413.5457831325,3232.8
-1414.4415662651,3244.9
-1415.3373493976,3217.6
-1416.2331325301,3238.9
-1417.1289156627,3223.1
-1418.0246987952,3230.2
-1418.9204819277,3222.
-1419.8162650602,3215.7
-1420.7120481928,3226.3
-1421.6078313253,3224.9
-1422.5036144578,3235.1
-1423.3993975904,3225.9
-1424.2951807229,3220.7
-1425.1909638554,3220.9
-1426.086746988,3222.2
-1426.9825301205,3218.
-1427.8783132530,3237.7
-1428.7740963855,3235.5
-1429.6698795181,3222.7
-1430.5656626506,3225.2
-1431.4614457831,3222.3
-1432.3572289157,3241.
-1433.2530120482,3220.8
-1434.1487951807,3228.9
-1435.0445783133,3235.4
-1435.9403614458,3221.1
-1436.8361445783,3234.5
-1437.7319277108,3222.
-1438.6277108434,3230.1
-1439.5234939759,3225.9
-1440.4192771084,3227.1
-1441.315060241,3218.4
-1442.2108433735,3222.7
-1443.1066265060,3231.3
-1444.0024096386,3233.5
-1444.8981927711,3221.2
-1445.7939759036,3228.3
-1446.6897590361,3240.
-1447.5855421687,3232.7
-1448.4813253012,3211.6
-1449.3771084337,3225.5
-1450.2728915663,3237.
-1451.1686746988,3200.4
-1452.0644578313,3215.3
-1452.9602409639,3208.7
-1453.8560240964,3234.5
-1454.7518072289,3214.4
-1455.6475903614,3215.9
-1456.543373494,3212.3
-1457.4391566265,3233.7
-1458.3349397590,3207.5
-1459.2307228916,3228.
-1460.1265060241,3227.6
-1461.0222891566,3236.3
-1461.9180722892,3230.3
-1462.8138554217,3231.2
-1463.7096385542,3215.
-1464.6054216867,3225.8
-1465.5012048193,3224.3
-1466.3969879518,3214.8
-1467.2927710843,3216.4
-1468.1885542169,3249.5
-1469.0843373494,3231.2
-1469.9801204819,3228.1
-1470.8759036145,3231.4
-1471.771686747,3216.2
-1472.6674698795,3224.2
-1473.5632530120,3225.5
-1474.4590361446,3231.3
-1475.3548192771,3226.9
-1476.2506024096,3224.3
-1477.1463855422,3217.7
-1478.0421686747,3218.3
-1478.9379518072,3218.8
-1479.8337349398,3233.9
-1480.7295180723,3230.1
-1481.6253012048,3217.2
-1482.5210843373,3226.4
-1483.4168674699,3237.8
-1484.3126506024,3222.4
-1485.2084337349,3215.8
-1486.1042168675,3238.5
-1487.0000000000,3207.7
-1487.8957831325,3232.4
-1488.7915662651,3220.6
-1489.6873493976,3212.3
-1490.5831325301,3224.8
-1491.4789156627,3248.1
-1492.3746987952,3225.4
-1493.2704819277,3213.5
-1494.1662650602,3204.5
-1495.0620481928,3232.6
-1495.9578313253,3225.7
-1496.8536144578,3224.5
-1497.7493975904,3226.1
-1498.6451807229,3221.3
-1499.5409638554,3234.2
-1500.436746988,3209.3
-1501.3325301205,3231.4
-1502.2283132530,3234.6
-1503.1240963855,3241.2
-1504.0198795181,3234.7
-1504.9156626506,3208.2
-1505.8114457831,3225.1
-1506.7072289157,3215.1
-1507.6030120482,3195.
-1508.4987951807,3223.1
-1509.3945783133,3234.2
-1510.2903614458,3219.7
-1511.1861445783,3206.1
-1512.0819277108,3229.3
-1512.9777108434,3226.
-1513.8734939759,3206.5
-1514.7692771084,3232.
-1515.665060241,3227.3
-1516.5608433735,3220.2
-1517.4566265060,3220.6
-1518.3524096386,3239.7
-1519.2481927711,3226.1
-1520.1439759036,3223.2
-1521.0397590361,3230.2
-1521.9355421687,3221.5
-1522.8313253012,3214.7
-1523.7271084337,3206.9
-1524.6228915663,3217.3
-1525.5186746988,3233.1
-1526.4144578313,3221.9
-1527.3102409639,3215.8
-1528.2060240964,3243.7
-1529.1018072289,3228.1
-1529.9975903614,3219.7
-1530.893373494,3225.5
-1531.7891566265,3213.9
-1532.6849397590,3229.1
-1533.5807228916,3221.6
-1534.4765060241,3216.3
-1535.3722891566,3236.6
-1536.2680722892,3231.5
-1537.1638554217,3213.4
-1538.0596385542,3208.3
-1538.9554216867,3215.
-1539.8512048193,3240.1
-1540.7469879518,3201.6
-1541.6427710843,3234.7
-1542.5385542169,3223.7
-1543.4343373494,3236.9
-1544.3301204819,3212.5
-1545.2259036145,3215.6
-1546.121686747,3217.2
-1547.0174698795,3212.4
-1547.9132530120,3229.8
-1548.8090361446,3225.
-1549.7048192771,3235.1
-1550.6006024096,3214.2
-1551.4963855422,3238.
-1552.3921686747,3222.5
-1553.2879518072,3234.9
-1554.1837349398,3223.1
-1555.0795180723,3221.8
-1555.9753012048,3229.1
-1556.8710843373,3217.7
-1557.7668674699,3230.5
-1558.6626506024,3229.5
-1559.5584337349,3230.5
-1560.4542168675,3215.3
-1561.3500000000,3215.8
-1562.2457831325,3233.
-1563.1415662651,3230.6
-1564.0373493976,3231.
-1564.9331325301,3240.5
-1565.8289156627,3225.2
-1566.7246987952,3206.7
-1567.6204819277,3231.8
-1568.5162650602,3231.2
-1569.4120481928,3224.3
-1570.3078313253,3224.8
-1571.2036144578,3215.8
-1572.0993975904,3227.7
-1572.9951807229,3223.3
-1573.8909638554,3218.8
-1574.786746988,3217.4
-1575.6825301205,3218.
-1576.5783132530,3228.6
-1577.4740963855,3228.8
-1578.3698795181,3212.4
-1579.2656626506,3229.8
-1580.1614457831,3223.4
-1581.0572289157,3243.8
-1581.9530120482,3215.8
-1582.8487951807,3217.4
-1583.7445783133,3236.
-1584.6403614458,3229.5
-1585.5361445783,3224.9
-1586.4319277108,3211.4
-1587.3277108434,3231.4
-1588.2234939759,3227.8
-1589.1192771084,3234.3
-1590.015060241,3219.
-1590.9108433735,3190.6
-1591.8066265060,3243.7
-1592.7024096386,3221.2
-1593.5981927711,3222.
-1594.4939759036,3209.6
-1595.3897590361,3226.7
-1596.2855421687,3237.1
-1597.1813253012,3219.5
-1598.0771084337,3217.4
-1598.9728915663,3218.4
-1599.8686746988,3228.1
-1600.7644578313,3219.3
-1601.6602409639,3224.5
-1602.5560240964,3211.3
-1603.4518072289,3225.7
-1604.3475903614,3223.3
-1605.243373494,3231.8
-1606.1391566265,3208.3
-1607.0349397590,3215.6
-1607.9307228916,3226.3
-1608.8265060241,3224.7
-1609.7222891566,3225.2
-1610.6180722892,3227.
-1611.5138554217,3226.2
-1612.4096385542,3216.9
-1613.3054216867,3222.6
-1614.2012048193,3226.5
-1615.0969879518,3204.6
-1615.9927710843,3241.
-1616.8885542169,3208.6
-1617.7843373494,3208.1
-1618.6801204819,3209.3
-1619.5759036145,3228.6
-1620.471686747,3218.1
-1621.3674698795,3199.3
-1622.2632530120,3210.9
-1623.1590361446,3229.1
-1624.0548192771,3216.6
-1624.9506024096,3206.1
-1625.8463855422,3211.4
-1626.7421686747,3230.1
-1627.6379518072,3218.9
-1628.5337349398,3242.
-1629.4295180723,3235.7
-1630.3253012048,3231.3
-1631.2210843373,3225.7
-1632.1168674699,3223.7
-1633.0126506024,3235.2
-1633.9084337349,3212.2
-1634.8042168675,3215.4
-1635.7,3225.6
-1636.5957831325,3218.5
-1637.4915662651,3227.5
-1638.3873493976,3229.3
-1639.2831325301,3217.9
-1640.1789156627,3226.8
-1641.0746987952,3214.4
-1641.9704819277,3215.5
-1642.8662650602,3219.5
-1643.7620481928,3233.3
-1644.6578313253,3217.6
-1645.5536144578,3224.
-1646.4493975904,3210.4
-1647.3451807229,3222.9
-1648.2409638554,3219.3
-1649.136746988,3224.2
-1650.0325301205,3211.
-1650.9283132530,3217.7
-1651.8240963855,3215.5
-1652.7198795181,3244.2
-1653.6156626506,3210.5
-1654.5114457831,3228.3
-1655.4072289157,3222.7
-1656.3030120482,3215.6
-1657.1987951807,3235.7
-1658.0945783133,3213.7
-1658.9903614458,3229.4
-1659.8861445783,3234.2
-1660.7819277108,3229.4
-1661.6777108434,3219.3
-1662.5734939759,3214.9
-1663.4692771084,3232.1
-1664.365060241,3222.8
-1665.2608433735,3224.
-1666.1566265060,3228.7
-1667.0524096386,3229.7
-1667.9481927711,3233.9
-1668.8439759036,3222.1
-1669.7397590361,3211.9
-1670.6355421687,3220.6
-1671.5313253012,3218.9
-1672.4271084337,3234.1
-1673.3228915663,3224.1
